,0,1
0,[5.8 2.7 5.1 1.9],[6.5 3.  5.2 2. ]
1,[6.7 3.3 5.7 2.5],[5.9 3.  5.1 1.8]
2,[6.8 3.2 5.9 2.3],[6.2 3.4 5.4 2.3]
3,[6.9 3.1 5.4 2.1],[6.5 3.  5.2 2. ]
4,[5.1 3.5 1.4 0.2],[5.1 3.4 1.5 0.2]
5,[5.1 3.5 1.4 0.2],[5.1 3.5 1.4 0.3]
6,[5.1 3.5 1.4 0.2],[5.2 3.5 1.5 0.2]
7,[5.1 3.5 1.4 0.2],[5.  3.6 1.4 0.2]
8,[4.9 3.  1.4 0.2],[4.7 3.2 1.3 0.2]
9,[4.9 3.  1.4 0.2],[4.6 3.1 1.5 0.2]
10,[4.9 3.  1.4 0.2],[5.  3.6 1.4 0.2]
11,[4.9 3.  1.4 0.2],[5.4 3.9 1.7 0.4]
12,[4.9 3.  1.4 0.2],[4.9 3.1 1.5 0.2]
13,[4.9 3.  1.4 0.2],[4.8 3.  1.4 0.3]
14,[4.9 3.  1.4 0.2],[4.8 3.  1.4 0.1]
15,[4.9 3.  1.4 0.2],[4.9 3.1 1.5 0.1]
16,[4.7 3.2 1.3 0.2],[4.6 3.1 1.5 0.2]
17,[4.7 3.2 1.3 0.2],[5.  3.6 1.4 0.2]
18,[4.7 3.2 1.3 0.2],[5.4 3.9 1.7 0.4]
19,[4.7 3.2 1.3 0.2],[4.6 3.4 1.4 0.3]
20,[4.7 3.2 1.3 0.2],[4.6 3.1 1.5 0.2]
21,[4.7 3.2 1.3 0.2],[4.6 3.2 1.4 0.2]
22,[4.7 3.2 1.3 0.2],[4.8 3.  1.4 0.1]
23,[4.7 3.2 1.3 0.2],[4.6 3.4 1.4 0.3]
24,[4.6 3.1 1.5 0.2],[5.  3.6 1.4 0.2]
25,[4.6 3.1 1.5 0.2],[5.4 3.9 1.7 0.4]
26,[4.6 3.1 1.5 0.2],[4.6 3.4 1.4 0.3]
27,[4.6 3.1 1.5 0.2],[5.  3.4 1.5 0.2]
28,[4.6 3.1 1.5 0.2],[4.8 3.1 1.6 0.2]
29,[4.6 3.1 1.5 0.2],[4.6 3.2 1.4 0.2]
30,[4.6 3.1 1.5 0.2],[4.7 3.2 1.6 0.2]
31,[4.6 3.1 1.5 0.2],[4.8 3.  1.4 0.1]
32,[5.  3.6 1.4 0.2],[5.4 3.9 1.7 0.4]
33,[5.  3.6 1.4 0.2],[4.6 3.4 1.4 0.3]
34,[5.  3.6 1.4 0.2],[5.  3.4 1.5 0.2]
35,[5.  3.6 1.4 0.2],[4.4 2.9 1.4 0.2]
36,[5.  3.6 1.4 0.2],[4.9 3.6 1.4 0.1]
37,[5.  3.6 1.4 0.2],[5.1 3.5 1.4 0.3]
38,[5.  3.6 1.4 0.2],[5.  3.4 1.5 0.2]
39,[5.  3.6 1.4 0.2],[5.  3.5 1.3 0.3]
40,[5.4 3.9 1.7 0.4],[4.6 3.4 1.4 0.3]
41,[5.4 3.9 1.7 0.4],[5.  3.4 1.5 0.2]
42,[5.4 3.9 1.7 0.4],[4.4 2.9 1.4 0.2]
43,[5.4 3.9 1.7 0.4],[4.9 3.1 1.5 0.1]
44,[5.4 3.9 1.7 0.4],[5.3 3.7 1.5 0.2]
45,[5.4 3.9 1.7 0.4],[5.1 3.8 1.9 0.4]
46,[5.4 3.9 1.7 0.4],[5.4 3.7 1.5 0.2]
47,[5.4 3.9 1.7 0.4],[5.7 3.8 1.7 0.3]
48,[4.6 3.4 1.4 0.3],[5.  3.4 1.5 0.2]
49,[4.6 3.4 1.4 0.3],[4.4 2.9 1.4 0.2]
50,[4.6 3.4 1.4 0.3],[4.9 3.1 1.5 0.1]
51,[4.6 3.4 1.4 0.3],[5.4 3.7 1.5 0.2]
52,[4.6 3.4 1.4 0.3],[4.6 3.2 1.4 0.2]
53,[4.6 3.4 1.4 0.3],[4.4 3.2 1.3 0.2]
54,[4.6 3.4 1.4 0.3],[4.7 3.2 1.6 0.2]
55,[4.6 3.4 1.4 0.3],[4.8 3.4 1.6 0.2]
56,[5.  3.4 1.5 0.2],[4.4 2.9 1.4 0.2]
57,[5.  3.4 1.5 0.2],[4.9 3.1 1.5 0.1]
58,[5.  3.4 1.5 0.2],[5.4 3.7 1.5 0.2]
59,[5.  3.4 1.5 0.2],[4.8 3.4 1.6 0.2]
60,[5.  3.4 1.5 0.2],[5.  3.4 1.6 0.4]
61,[5.  3.4 1.5 0.2],[5.1 3.4 1.5 0.2]
62,[5.  3.4 1.5 0.2],[5.1 3.5 1.4 0.3]
63,[5.  3.4 1.5 0.2],[5.  3.3 1.4 0.2]
64,[4.4 2.9 1.4 0.2],[4.9 3.1 1.5 0.1]
65,[4.4 2.9 1.4 0.2],[5.4 3.7 1.5 0.2]
66,[4.4 2.9 1.4 0.2],[4.8 3.4 1.6 0.2]
67,[4.4 2.9 1.4 0.2],[4.8 3.  1.4 0.1]
68,[4.4 2.9 1.4 0.2],[4.4 3.  1.3 0.2]
69,[4.4 2.9 1.4 0.2],[4.3 3.  1.1 0.1]
70,[4.4 2.9 1.4 0.2],[4.4 3.2 1.3 0.2]
71,[4.4 2.9 1.4 0.2],[4.6 3.2 1.4 0.2]
72,[4.9 3.1 1.5 0.1],[5.4 3.7 1.5 0.2]
73,[4.9 3.1 1.5 0.1],[4.8 3.4 1.6 0.2]
74,[4.9 3.1 1.5 0.1],[4.8 3.  1.4 0.1]
75,[4.9 3.1 1.5 0.1],[4.3 3.  1.1 0.1]
76,[4.9 3.1 1.5 0.1],[4.9 3.1 1.5 0.2]
77,[4.9 3.1 1.5 0.1],[4.8 3.1 1.6 0.2]
78,[4.9 3.1 1.5 0.1],[4.8 3.  1.4 0.1]
79,[4.9 3.1 1.5 0.1],[5.  3.  1.6 0.2]
80,[5.4 3.7 1.5 0.2],[4.8 3.4 1.6 0.2]
81,[5.4 3.7 1.5 0.2],[4.8 3.  1.4 0.1]
82,[5.4 3.7 1.5 0.2],[4.3 3.  1.1 0.1]
83,[5.4 3.7 1.5 0.2],[5.8 4.  1.2 0.2]
84,[5.4 3.7 1.5 0.2],[5.2 3.5 1.5 0.2]
85,[5.4 3.7 1.5 0.2],[5.3 3.7 1.5 0.2]
86,[5.4 3.7 1.5 0.2],[5.5 3.5 1.3 0.2]
87,[5.4 3.7 1.5 0.2],[5.1 3.8 1.5 0.3]
88,[4.8 3.4 1.6 0.2],[4.8 3.  1.4 0.1]
89,[4.8 3.4 1.6 0.2],[4.3 3.  1.1 0.1]
90,[4.8 3.4 1.6 0.2],[5.8 4.  1.2 0.2]
91,[4.8 3.4 1.6 0.2],[5.7 4.4 1.5 0.4]
92,[4.8 3.4 1.6 0.2],[5.  3.4 1.6 0.4]
93,[4.8 3.4 1.6 0.2],[4.8 3.4 1.9 0.2]
94,[4.8 3.4 1.6 0.2],[4.8 3.1 1.6 0.2]
95,[4.8 3.4 1.6 0.2],[4.7 3.2 1.6 0.2]
96,[4.8 3.  1.4 0.1],[4.3 3.  1.1 0.1]
97,[4.8 3.  1.4 0.1],[5.8 4.  1.2 0.2]
98,[4.8 3.  1.4 0.1],[5.7 4.4 1.5 0.4]
99,[4.8 3.  1.4 0.1],[5.4 3.9 1.3 0.4]
100,[4.8 3.  1.4 0.1],[4.8 3.  1.4 0.3]
101,[4.8 3.  1.4 0.1],[4.9 3.1 1.5 0.2]
102,[4.8 3.  1.4 0.1],[4.8 3.1 1.6 0.2]
103,[4.8 3.  1.4 0.1],[5.  3.  1.6 0.2]
104,[4.3 3.  1.1 0.1],[5.8 4.  1.2 0.2]
105,[4.3 3.  1.1 0.1],[5.7 4.4 1.5 0.4]
106,[4.3 3.  1.1 0.1],[5.4 3.9 1.3 0.4]
107,[4.3 3.  1.1 0.1],[5.1 3.5 1.4 0.3]
108,[4.3 3.  1.1 0.1],[4.4 3.  1.3 0.2]
109,[4.3 3.  1.1 0.1],[4.8 3.  1.4 0.3]
110,[4.3 3.  1.1 0.1],[4.4 3.2 1.3 0.2]
111,[4.3 3.  1.1 0.1],[4.6 3.2 1.4 0.2]
112,[5.8 4.  1.2 0.2],[5.7 4.4 1.5 0.4]
113,[5.8 4.  1.2 0.2],[5.4 3.9 1.3 0.4]
114,[5.8 4.  1.2 0.2],[5.1 3.5 1.4 0.3]
115,[5.8 4.  1.2 0.2],[5.7 3.8 1.7 0.3]
116,[5.8 4.  1.2 0.2],[5.7 4.4 1.5 0.4]
117,[5.8 4.  1.2 0.2],[5.4 3.9 1.3 0.4]
118,[5.8 4.  1.2 0.2],[5.5 4.2 1.4 0.2]
119,[5.8 4.  1.2 0.2],[5.7 3.8 1.7 0.3]
120,[5.7 4.4 1.5 0.4],[5.4 3.9 1.3 0.4]
121,[5.7 4.4 1.5 0.4],[5.1 3.5 1.4 0.3]
122,[5.7 4.4 1.5 0.4],[5.7 3.8 1.7 0.3]
123,[5.7 4.4 1.5 0.4],[5.1 3.8 1.5 0.3]
124,[5.7 4.4 1.5 0.4],[5.4 3.9 1.3 0.4]
125,[5.7 4.4 1.5 0.4],[5.2 4.1 1.5 0.1]
126,[5.7 4.4 1.5 0.4],[5.7 3.8 1.7 0.3]
127,[5.7 4.4 1.5 0.4],[5.5 4.2 1.4 0.2]
128,[5.4 3.9 1.3 0.4],[5.1 3.5 1.4 0.3]
129,[5.4 3.9 1.3 0.4],[5.7 3.8 1.7 0.3]
130,[5.4 3.9 1.3 0.4],[5.1 3.8 1.5 0.3]
131,[5.4 3.9 1.3 0.4],[5.4 3.4 1.7 0.2]
132,[5.4 3.9 1.3 0.4],[5.3 3.7 1.5 0.2]
133,[5.4 3.9 1.3 0.4],[5.5 4.2 1.4 0.2]
134,[5.4 3.9 1.3 0.4],[5.1 3.8 1.5 0.3]
135,[5.4 3.9 1.3 0.4],[5.1 3.7 1.5 0.4]
136,[5.1 3.5 1.4 0.3],[5.7 3.8 1.7 0.3]
137,[5.1 3.5 1.4 0.3],[5.1 3.8 1.5 0.3]
138,[5.1 3.5 1.4 0.3],[5.4 3.4 1.7 0.2]
139,[5.1 3.5 1.4 0.3],[5.1 3.7 1.5 0.4]
140,[5.1 3.5 1.4 0.3],[5.2 3.5 1.5 0.2]
141,[5.1 3.5 1.4 0.3],[5.2 3.4 1.4 0.2]
142,[5.1 3.5 1.4 0.3],[5.1 3.4 1.5 0.2]
143,[5.1 3.5 1.4 0.3],[5.  3.5 1.3 0.3]
144,[5.7 3.8 1.7 0.3],[5.1 3.8 1.5 0.3]
145,[5.7 3.8 1.7 0.3],[5.4 3.4 1.7 0.2]
146,[5.7 3.8 1.7 0.3],[5.1 3.7 1.5 0.4]
147,[5.7 3.8 1.7 0.3],[4.6 3.6 1.  0.2]
148,[5.7 3.8 1.7 0.3],[5.3 3.7 1.5 0.2]
149,[5.7 3.8 1.7 0.3],[5.4 3.4 1.7 0.2]
150,[5.7 3.8 1.7 0.3],[5.4 3.4 1.5 0.4]
151,[5.7 3.8 1.7 0.3],[5.5 3.5 1.3 0.2]
152,[5.1 3.8 1.5 0.3],[5.4 3.4 1.7 0.2]
153,[5.1 3.8 1.5 0.3],[5.1 3.7 1.5 0.4]
154,[5.1 3.8 1.5 0.3],[4.6 3.6 1.  0.2]
155,[5.1 3.8 1.5 0.3],[5.1 3.3 1.7 0.5]
156,[5.1 3.8 1.5 0.3],[5.1 3.8 1.6 0.2]
157,[5.1 3.8 1.5 0.3],[5.1 3.7 1.5 0.4]
158,[5.1 3.8 1.5 0.3],[5.3 3.7 1.5 0.2]
159,[5.1 3.8 1.5 0.3],[5.2 3.5 1.5 0.2]
160,[5.4 3.4 1.7 0.2],[5.1 3.7 1.5 0.4]
161,[5.4 3.4 1.7 0.2],[4.6 3.6 1.  0.2]
162,[5.4 3.4 1.7 0.2],[5.1 3.3 1.7 0.5]
163,[5.4 3.4 1.7 0.2],[4.8 3.4 1.9 0.2]
164,[5.4 3.4 1.7 0.2],[5.2 3.4 1.4 0.2]
165,[5.4 3.4 1.7 0.2],[5.2 3.5 1.5 0.2]
166,[5.4 3.4 1.7 0.2],[5.1 3.4 1.5 0.2]
167,[5.4 3.4 1.7 0.2],[5.4 3.4 1.5 0.4]
168,[5.1 3.7 1.5 0.4],[4.6 3.6 1.  0.2]
169,[5.1 3.7 1.5 0.4],[5.1 3.3 1.7 0.5]
170,[5.1 3.7 1.5 0.4],[4.8 3.4 1.9 0.2]
171,[5.1 3.7 1.5 0.4],[5.  3.  1.6 0.2]
172,[5.1 3.7 1.5 0.4],[5.2 3.5 1.5 0.2]
173,[5.1 3.7 1.5 0.4],[5.3 3.7 1.5 0.2]
174,[5.1 3.7 1.5 0.4],[5.  3.5 1.6 0.6]
175,[5.1 3.7 1.5 0.4],[5.1 3.8 1.6 0.2]
176,[4.6 3.6 1.  0.2],[5.1 3.3 1.7 0.5]
177,[4.6 3.6 1.  0.2],[4.8 3.4 1.9 0.2]
178,[4.6 3.6 1.  0.2],[5.  3.  1.6 0.2]
179,[4.6 3.6 1.  0.2],[5.  3.4 1.6 0.4]
180,[4.6 3.6 1.  0.2],[4.9 3.6 1.4 0.1]
181,[4.6 3.6 1.  0.2],[4.4 3.2 1.3 0.2]
182,[4.6 3.6 1.  0.2],[5.  3.5 1.3 0.3]
183,[4.6 3.6 1.  0.2],[4.6 3.2 1.4 0.2]
184,[5.1 3.3 1.7 0.5],[4.8 3.4 1.9 0.2]
185,[5.1 3.3 1.7 0.5],[5.  3.  1.6 0.2]
186,[5.1 3.3 1.7 0.5],[5.  3.4 1.6 0.4]
187,[5.1 3.3 1.7 0.5],[5.2 3.5 1.5 0.2]
188,[5.1 3.3 1.7 0.5],[5.4 3.4 1.5 0.4]
189,[5.1 3.3 1.7 0.5],[5.1 3.4 1.5 0.2]
190,[5.1 3.3 1.7 0.5],[5.  3.4 1.6 0.4]
191,[5.1 3.3 1.7 0.5],[5.  3.5 1.6 0.6]
192,[4.8 3.4 1.9 0.2],[5.  3.  1.6 0.2]
193,[4.8 3.4 1.9 0.2],[5.  3.4 1.6 0.4]
194,[4.8 3.4 1.9 0.2],[5.2 3.5 1.5 0.2]
195,[4.8 3.4 1.9 0.2],[5.2 3.4 1.4 0.2]
196,[4.8 3.4 1.9 0.2],[5.1 3.4 1.5 0.2]
197,[4.8 3.4 1.9 0.2],[5.  3.4 1.6 0.4]
198,[4.8 3.4 1.9 0.2],[4.8 3.1 1.6 0.2]
199,[4.8 3.4 1.9 0.2],[4.7 3.2 1.6 0.2]
200,[5.  3.  1.6 0.2],[5.  3.4 1.6 0.4]
201,[5.  3.  1.6 0.2],[5.2 3.5 1.5 0.2]
202,[5.  3.  1.6 0.2],[5.2 3.4 1.4 0.2]
203,[5.  3.  1.6 0.2],[4.7 3.2 1.6 0.2]
204,[5.  3.  1.6 0.2],[4.8 3.  1.4 0.3]
205,[5.  3.  1.6 0.2],[4.8 3.1 1.6 0.2]
206,[5.  3.  1.6 0.2],[4.9 3.1 1.5 0.2]
207,[5.  3.  1.6 0.2],[4.7 3.2 1.6 0.2]
208,[5.  3.4 1.6 0.4],[5.2 3.5 1.5 0.2]
209,[5.  3.4 1.6 0.4],[5.2 3.4 1.4 0.2]
210,[5.  3.4 1.6 0.4],[4.7 3.2 1.6 0.2]
211,[5.  3.4 1.6 0.4],[4.8 3.1 1.6 0.2]
212,[5.  3.4 1.6 0.4],[5.2 3.5 1.5 0.2]
213,[5.  3.4 1.6 0.4],[5.  3.5 1.6 0.6]
214,[5.  3.4 1.6 0.4],[5.1 3.4 1.5 0.2]
215,[5.  3.4 1.6 0.4],[5.  3.3 1.4 0.2]
216,[5.2 3.5 1.5 0.2],[5.2 3.4 1.4 0.2]
217,[5.2 3.5 1.5 0.2],[4.7 3.2 1.6 0.2]
218,[5.2 3.5 1.5 0.2],[4.8 3.1 1.6 0.2]
219,[5.2 3.5 1.5 0.2],[5.4 3.4 1.5 0.4]
220,[5.2 3.5 1.5 0.2],[5.2 3.4 1.4 0.2]
221,[5.2 3.5 1.5 0.2],[5.1 3.4 1.5 0.2]
222,[5.2 3.5 1.5 0.2],[5.  3.5 1.3 0.3]
223,[5.2 3.5 1.5 0.2],[5.3 3.7 1.5 0.2]
224,[5.2 3.4 1.4 0.2],[4.7 3.2 1.6 0.2]
225,[5.2 3.4 1.4 0.2],[4.8 3.1 1.6 0.2]
226,[5.2 3.4 1.4 0.2],[5.4 3.4 1.5 0.4]
227,[5.2 3.4 1.4 0.2],[5.2 4.1 1.5 0.1]
228,[5.2 3.4 1.4 0.2],[5.  3.5 1.3 0.3]
229,[5.2 3.4 1.4 0.2],[5.  3.3 1.4 0.2]
230,[5.2 3.4 1.4 0.2],[5.4 3.4 1.5 0.4]
231,[5.2 3.4 1.4 0.2],[5.1 3.4 1.5 0.2]
232,[4.7 3.2 1.6 0.2],[4.8 3.1 1.6 0.2]
233,[4.7 3.2 1.6 0.2],[5.4 3.4 1.5 0.4]
234,[4.7 3.2 1.6 0.2],[5.2 4.1 1.5 0.1]
235,[4.7 3.2 1.6 0.2],[5.5 4.2 1.4 0.2]
236,[4.7 3.2 1.6 0.2],[4.8 3.1 1.6 0.2]
237,[4.7 3.2 1.6 0.2],[4.6 3.2 1.4 0.2]
238,[4.7 3.2 1.6 0.2],[4.8 3.  1.4 0.3]
239,[4.7 3.2 1.6 0.2],[4.9 3.1 1.5 0.2]
240,[4.8 3.1 1.6 0.2],[5.4 3.4 1.5 0.4]
241,[4.8 3.1 1.6 0.2],[5.2 4.1 1.5 0.1]
242,[4.8 3.1 1.6 0.2],[5.5 4.2 1.4 0.2]
243,[4.8 3.1 1.6 0.2],[4.9 3.1 1.5 0.2]
244,[4.8 3.1 1.6 0.2],[4.8 3.  1.4 0.3]
245,[4.8 3.1 1.6 0.2],[5.  3.3 1.4 0.2]
246,[4.8 3.1 1.6 0.2],[4.6 3.2 1.4 0.2]
247,[4.8 3.1 1.6 0.2],[4.9 3.1 1.5 0.2]
248,[5.4 3.4 1.5 0.4],[5.2 4.1 1.5 0.1]
249,[5.4 3.4 1.5 0.4],[5.5 4.2 1.4 0.2]
250,[5.4 3.4 1.5 0.4],[4.9 3.1 1.5 0.2]
251,[5.4 3.4 1.5 0.4],[5.  3.2 1.2 0.2]
252,[5.4 3.4 1.5 0.4],[5.1 3.4 1.5 0.2]
253,[5.4 3.4 1.5 0.4],[5.5 3.5 1.3 0.2]
254,[5.4 3.4 1.5 0.4],[5.3 3.7 1.5 0.2]
255,[5.4 3.4 1.5 0.4],[5.  3.5 1.6 0.6]
256,[5.2 4.1 1.5 0.1],[5.5 4.2 1.4 0.2]
257,[5.2 4.1 1.5 0.1],[4.9 3.1 1.5 0.2]
258,[5.2 4.1 1.5 0.1],[5.  3.2 1.2 0.2]
259,[5.2 4.1 1.5 0.1],[5.5 3.5 1.3 0.2]
260,[5.2 4.1 1.5 0.1],[5.5 4.2 1.4 0.2]
261,[5.2 4.1 1.5 0.1],[4.9 3.6 1.4 0.1]
262,[5.2 4.1 1.5 0.1],[5.1 3.8 1.6 0.2]
263,[5.2 4.1 1.5 0.1],[5.3 3.7 1.5 0.2]
264,[5.5 4.2 1.4 0.2],[4.9 3.1 1.5 0.2]
265,[5.5 4.2 1.4 0.2],[5.  3.2 1.2 0.2]
266,[5.5 4.2 1.4 0.2],[5.5 3.5 1.3 0.2]
267,[5.5 4.2 1.4 0.2],[4.9 3.6 1.4 0.1]
268,[5.5 4.2 1.4 0.2],[5.1 3.8 1.9 0.4]
269,[5.5 4.2 1.4 0.2],[5.1 3.8 1.6 0.2]
270,[5.5 4.2 1.4 0.2],[5.5 3.5 1.3 0.2]
271,[5.5 4.2 1.4 0.2],[5.3 3.7 1.5 0.2]
272,[4.9 3.1 1.5 0.2],[5.  3.2 1.2 0.2]
273,[4.9 3.1 1.5 0.2],[5.5 3.5 1.3 0.2]
274,[4.9 3.1 1.5 0.2],[4.9 3.6 1.4 0.1]
275,[4.9 3.1 1.5 0.2],[4.4 3.  1.3 0.2]
276,[4.9 3.1 1.5 0.2],[5.  3.2 1.2 0.2]
277,[4.9 3.1 1.5 0.2],[5.  3.3 1.4 0.2]
278,[4.9 3.1 1.5 0.2],[4.8 3.  1.4 0.3]
279,[4.9 3.1 1.5 0.2],[4.6 3.2 1.4 0.2]
280,[5.  3.2 1.2 0.2],[5.5 3.5 1.3 0.2]
281,[5.  3.2 1.2 0.2],[4.9 3.6 1.4 0.1]
282,[5.  3.2 1.2 0.2],[4.4 3.  1.3 0.2]
283,[5.  3.2 1.2 0.2],[5.1 3.4 1.5 0.2]
284,[5.  3.2 1.2 0.2],[4.8 3.  1.4 0.3]
285,[5.  3.2 1.2 0.2],[5.  3.3 1.4 0.2]
286,[5.  3.2 1.2 0.2],[5.  3.5 1.3 0.3]
287,[5.  3.2 1.2 0.2],[5.1 3.4 1.5 0.2]
288,[5.5 3.5 1.3 0.2],[4.9 3.6 1.4 0.1]
289,[5.5 3.5 1.3 0.2],[4.4 3.  1.3 0.2]
290,[5.5 3.5 1.3 0.2],[5.1 3.4 1.5 0.2]
291,[5.5 3.5 1.3 0.2],[5.  3.5 1.3 0.3]
292,[5.5 3.5 1.3 0.2],[5.3 3.7 1.5 0.2]
293,[5.5 3.5 1.3 0.2],[5.  3.3 1.4 0.2]
294,[5.5 3.5 1.3 0.2],[5.1 3.4 1.5 0.2]
295,[5.5 3.5 1.3 0.2],[5.  3.5 1.3 0.3]
296,[4.9 3.6 1.4 0.1],[4.4 3.  1.3 0.2]
297,[4.9 3.6 1.4 0.1],[5.1 3.4 1.5 0.2]
298,[4.9 3.6 1.4 0.1],[5.  3.5 1.3 0.3]
299,[4.9 3.6 1.4 0.1],[4.5 2.3 1.3 0.3]
300,[4.9 3.6 1.4 0.1],[5.  3.3 1.4 0.2]
301,[4.9 3.6 1.4 0.1],[5.1 3.4 1.5 0.2]
302,[4.9 3.6 1.4 0.1],[5.  3.5 1.3 0.3]
303,[4.9 3.6 1.4 0.1],[5.1 3.8 1.6 0.2]
304,[4.4 3.  1.3 0.2],[5.1 3.4 1.5 0.2]
305,[4.4 3.  1.3 0.2],[5.  3.5 1.3 0.3]
306,[4.4 3.  1.3 0.2],[4.5 2.3 1.3 0.3]
307,[4.4 3.  1.3 0.2],[4.4 3.2 1.3 0.2]
308,[4.4 3.  1.3 0.2],[4.8 3.  1.4 0.3]
309,[4.4 3.  1.3 0.2],[4.6 3.2 1.4 0.2]
310,[4.4 3.  1.3 0.2],[5.  3.3 1.4 0.2]
311,[4.4 3.  1.3 0.2],[4.4 3.2 1.3 0.2]
312,[5.1 3.4 1.5 0.2],[5.  3.5 1.3 0.3]
313,[5.1 3.4 1.5 0.2],[4.5 2.3 1.3 0.3]
314,[5.1 3.4 1.5 0.2],[4.4 3.2 1.3 0.2]
315,[5.1 3.4 1.5 0.2],[5.  3.5 1.6 0.6]
316,[5.1 3.4 1.5 0.2],[5.  3.5 1.3 0.3]
317,[5.1 3.4 1.5 0.2],[5.1 3.8 1.6 0.2]
318,[5.1 3.4 1.5 0.2],[5.3 3.7 1.5 0.2]
319,[5.1 3.4 1.5 0.2],[5.  3.3 1.4 0.2]
320,[5.  3.5 1.3 0.3],[4.5 2.3 1.3 0.3]
321,[5.  3.5 1.3 0.3],[4.4 3.2 1.3 0.2]
322,[5.  3.5 1.3 0.3],[5.  3.5 1.6 0.6]
323,[5.  3.5 1.3 0.3],[5.1 3.8 1.9 0.4]
324,[5.  3.5 1.3 0.3],[5.3 3.7 1.5 0.2]
325,[5.  3.5 1.3 0.3],[5.  3.3 1.4 0.2]
326,[5.  3.5 1.3 0.3],[5.  3.5 1.6 0.6]
327,[5.  3.5 1.3 0.3],[5.1 3.8 1.6 0.2]
328,[4.5 2.3 1.3 0.3],[4.4 3.2 1.3 0.2]
329,[4.5 2.3 1.3 0.3],[5.  3.5 1.6 0.6]
330,[4.5 2.3 1.3 0.3],[5.1 3.8 1.9 0.4]
331,[4.5 2.3 1.3 0.3],[4.8 3.  1.4 0.3]
332,[4.5 2.3 1.3 0.3],[4.4 3.2 1.3 0.2]
333,[4.5 2.3 1.3 0.3],[5.  3.3 1.4 0.2]
334,[4.5 2.3 1.3 0.3],[4.6 3.2 1.4 0.2]
335,[4.5 2.3 1.3 0.3],[4.8 3.  1.4 0.3]
336,[4.4 3.2 1.3 0.2],[5.  3.5 1.6 0.6]
337,[4.4 3.2 1.3 0.2],[5.1 3.8 1.9 0.4]
338,[4.4 3.2 1.3 0.2],[4.8 3.  1.4 0.3]
339,[4.4 3.2 1.3 0.2],[5.1 3.8 1.6 0.2]
340,[4.4 3.2 1.3 0.2],[5.  3.5 1.6 0.6]
341,[4.4 3.2 1.3 0.2],[4.6 3.2 1.4 0.2]
342,[4.4 3.2 1.3 0.2],[4.8 3.  1.4 0.3]
343,[4.4 3.2 1.3 0.2],[5.  3.3 1.4 0.2]
344,[5.  3.5 1.6 0.6],[5.1 3.8 1.9 0.4]
345,[5.  3.5 1.6 0.6],[4.8 3.  1.4 0.3]
346,[5.  3.5 1.6 0.6],[5.1 3.8 1.6 0.2]
347,[5.  3.5 1.6 0.6],[4.6 3.2 1.4 0.2]
348,[5.  3.5 1.6 0.6],[5.1 3.8 1.9 0.4]
349,[5.  3.5 1.6 0.6],[5.  3.3 1.4 0.2]
350,[5.  3.5 1.6 0.6],[5.1 3.8 1.6 0.2]
351,[5.  3.5 1.6 0.6],[5.3 3.7 1.5 0.2]
352,[5.1 3.8 1.9 0.4],[4.8 3.  1.4 0.3]
353,[5.1 3.8 1.9 0.4],[5.1 3.8 1.6 0.2]
354,[5.1 3.8 1.9 0.4],[4.6 3.2 1.4 0.2]
355,[5.1 3.8 1.9 0.4],[5.3 3.7 1.5 0.2]
356,[5.1 3.8 1.9 0.4],[5.  3.3 1.4 0.2]
357,[5.1 3.8 1.9 0.4],[5.1 3.8 1.6 0.2]
358,[5.1 3.8 1.9 0.4],[4.6 3.2 1.4 0.2]
359,[5.1 3.8 1.9 0.4],[5.3 3.7 1.5 0.2]
360,[4.8 3.  1.4 0.3],[5.1 3.8 1.6 0.2]
361,[4.8 3.  1.4 0.3],[4.6 3.2 1.4 0.2]
362,[4.8 3.  1.4 0.3],[5.3 3.7 1.5 0.2]
363,[4.8 3.  1.4 0.3],[5.  3.3 1.4 0.2]
364,[4.8 3.  1.4 0.3],[5.1 3.8 1.6 0.2]
365,[4.8 3.  1.4 0.3],[4.6 3.2 1.4 0.2]
366,[4.8 3.  1.4 0.3],[5.3 3.7 1.5 0.2]
367,[4.8 3.  1.4 0.3],[5.  3.3 1.4 0.2]
368,[5.1 3.8 1.6 0.2],[4.6 3.2 1.4 0.2]
369,[5.1 3.8 1.6 0.2],[5.3 3.7 1.5 0.2]
370,[5.1 3.8 1.6 0.2],[5.  3.3 1.4 0.2]
371,[5.1 3.8 1.6 0.2],[7.  3.2 4.7 1.4]
372,[5.1 3.8 1.6 0.2],[4.6 3.2 1.4 0.2]
373,[5.1 3.8 1.6 0.2],[5.3 3.7 1.5 0.2]
374,[5.1 3.8 1.6 0.2],[5.  3.3 1.4 0.2]
375,[5.1 3.8 1.6 0.2],[5.1 2.5 3.  1.1]
376,[4.6 3.2 1.4 0.2],[5.3 3.7 1.5 0.2]
377,[4.6 3.2 1.4 0.2],[5.  3.3 1.4 0.2]
378,[4.6 3.2 1.4 0.2],[7.  3.2 4.7 1.4]
379,[4.6 3.2 1.4 0.2],[6.4 3.2 4.5 1.5]
380,[4.6 3.2 1.4 0.2],[5.3 3.7 1.5 0.2]
381,[4.6 3.2 1.4 0.2],[5.  3.3 1.4 0.2]
382,[4.6 3.2 1.4 0.2],[5.1 2.5 3.  1.1]
383,[4.6 3.2 1.4 0.2],[4.9 2.4 3.3 1. ]
384,[5.3 3.7 1.5 0.2],[5.  3.3 1.4 0.2]
385,[5.3 3.7 1.5 0.2],[7.  3.2 4.7 1.4]
386,[5.3 3.7 1.5 0.2],[6.4 3.2 4.5 1.5]
387,[5.3 3.7 1.5 0.2],[6.9 3.1 4.9 1.5]
388,[5.3 3.7 1.5 0.2],[5.  3.3 1.4 0.2]
389,[5.3 3.7 1.5 0.2],[5.  2.3 3.3 1. ]
390,[5.3 3.7 1.5 0.2],[4.9 2.4 3.3 1. ]
391,[5.3 3.7 1.5 0.2],[5.1 2.5 3.  1.1]
392,[5.  3.3 1.4 0.2],[7.  3.2 4.7 1.4]
393,[5.  3.3 1.4 0.2],[6.4 3.2 4.5 1.5]
394,[5.  3.3 1.4 0.2],[6.9 3.1 4.9 1.5]
395,[5.  3.3 1.4 0.2],[5.5 2.3 4.  1.3]
396,[5.  3.3 1.4 0.2],[5.  2.3 3.3 1. ]
397,[5.  3.3 1.4 0.2],[5.7 2.6 3.5 1. ]
398,[5.  3.3 1.4 0.2],[4.9 2.4 3.3 1. ]
399,[5.  3.3 1.4 0.2],[5.1 2.5 3.  1.1]
400,[7.  3.2 4.7 1.4],[6.4 3.2 4.5 1.5]
401,[7.  3.2 4.7 1.4],[6.9 3.1 4.9 1.5]
402,[7.  3.2 4.7 1.4],[5.5 2.3 4.  1.3]
403,[7.  3.2 4.7 1.4],[6.5 2.8 4.6 1.5]
404,[7.  3.2 4.7 1.4],[6.8 2.8 4.8 1.4]
405,[7.  3.2 4.7 1.4],[6.9 3.1 4.9 1.5]
406,[7.  3.2 4.7 1.4],[6.7 3.1 4.7 1.5]
407,[7.  3.2 4.7 1.4],[6.7 3.1 4.4 1.4]
408,[6.4 3.2 4.5 1.5],[6.9 3.1 4.9 1.5]
409,[6.4 3.2 4.5 1.5],[5.5 2.3 4.  1.3]
410,[6.4 3.2 4.5 1.5],[6.5 2.8 4.6 1.5]
411,[6.4 3.2 4.5 1.5],[5.7 2.8 4.5 1.3]
412,[6.4 3.2 4.5 1.5],[6.7 3.1 4.4 1.4]
413,[6.4 3.2 4.5 1.5],[6.3 3.3 4.7 1.6]
414,[6.4 3.2 4.5 1.5],[6.7 3.1 4.7 1.5]
415,[6.4 3.2 4.5 1.5],[6.6 3.  4.4 1.4]
416,[6.9 3.1 4.9 1.5],[5.5 2.3 4.  1.3]
417,[6.9 3.1 4.9 1.5],[6.5 2.8 4.6 1.5]
418,[6.9 3.1 4.9 1.5],[5.7 2.8 4.5 1.3]
419,[6.9 3.1 4.9 1.5],[6.3 3.3 4.7 1.6]
420,[6.9 3.1 4.9 1.5],[6.6 2.9 4.6 1.3]
421,[6.9 3.1 4.9 1.5],[6.7 3.  5.  1.7]
422,[6.9 3.1 4.9 1.5],[6.7 3.1 4.7 1.5]
423,[6.9 3.1 4.9 1.5],[6.8 2.8 4.8 1.4]
424,[5.5 2.3 4.  1.3],[6.5 2.8 4.6 1.5]
425,[5.5 2.3 4.  1.3],[5.7 2.8 4.5 1.3]
426,[5.5 2.3 4.  1.3],[6.3 3.3 4.7 1.6]
427,[5.5 2.3 4.  1.3],[4.9 2.4 3.3 1. ]
428,[5.5 2.3 4.  1.3],[5.6 2.5 3.9 1.1]
429,[5.5 2.3 4.  1.3],[5.5 2.4 3.8 1.1]
430,[5.5 2.3 4.  1.3],[5.5 2.5 4.  1.3]
431,[5.5 2.3 4.  1.3],[5.5 2.4 3.7 1. ]
432,[6.5 2.8 4.6 1.5],[5.7 2.8 4.5 1.3]
433,[6.5 2.8 4.6 1.5],[6.3 3.3 4.7 1.6]
434,[6.5 2.8 4.6 1.5],[4.9 2.4 3.3 1. ]
435,[6.5 2.8 4.6 1.5],[6.6 2.9 4.6 1.3]
436,[6.5 2.8 4.6 1.5],[6.6 3.  4.4 1.4]
437,[6.5 2.8 4.6 1.5],[6.7 3.1 4.7 1.5]
438,[6.5 2.8 4.6 1.5],[6.8 2.8 4.8 1.4]
439,[6.5 2.8 4.6 1.5],[6.6 2.9 4.6 1.3]
440,[5.7 2.8 4.5 1.3],[6.3 3.3 4.7 1.6]
441,[5.7 2.8 4.5 1.3],[4.9 2.4 3.3 1. ]
442,[5.7 2.8 4.5 1.3],[6.6 2.9 4.6 1.3]
443,[5.7 2.8 4.5 1.3],[5.2 2.7 3.9 1.4]
444,[5.7 2.8 4.5 1.3],[5.6 3.  4.5 1.5]
445,[5.7 2.8 4.5 1.3],[5.6 2.7 4.2 1.3]
446,[5.7 2.8 4.5 1.3],[5.7 2.9 4.2 1.3]
447,[5.7 2.8 4.5 1.3],[5.5 2.6 4.4 1.2]
448,[6.3 3.3 4.7 1.6],[4.9 2.4 3.3 1. ]
449,[6.3 3.3 4.7 1.6],[6.6 2.9 4.6 1.3]
450,[6.3 3.3 4.7 1.6],[5.2 2.7 3.9 1.4]
451,[6.3 3.3 4.7 1.6],[5.  2.  3.5 1. ]
452,[6.3 3.3 4.7 1.6],[6.7 3.1 4.7 1.5]
453,[6.3 3.3 4.7 1.6],[6.  3.4 4.5 1.6]
454,[6.3 3.3 4.7 1.6],[6.1 3.  4.6 1.4]
455,[6.3 3.3 4.7 1.6],[6.1 3.  4.9 1.8]
456,[4.9 2.4 3.3 1. ],[6.6 2.9 4.6 1.3]
457,[4.9 2.4 3.3 1. ],[5.2 2.7 3.9 1.4]
458,[4.9 2.4 3.3 1. ],[5.  2.  3.5 1. ]
459,[4.9 2.4 3.3 1. ],[5.9 3.  4.2 1.5]
460,[4.9 2.4 3.3 1. ],[5.1 2.5 3.  1.1]
461,[4.9 2.4 3.3 1. ],[5.  2.3 3.3 1. ]
462,[4.9 2.4 3.3 1. ],[5.  2.  3.5 1. ]
463,[4.9 2.4 3.3 1. ],[5.5 2.4 3.7 1. ]
464,[6.6 2.9 4.6 1.3],[5.2 2.7 3.9 1.4]
465,[6.6 2.9 4.6 1.3],[5.  2.  3.5 1. ]
466,[6.6 2.9 4.6 1.3],[5.9 3.  4.2 1.5]
467,[6.6 2.9 4.6 1.3],[6.  2.2 4.  1. ]
468,[6.6 2.9 4.6 1.3],[6.7 3.1 4.4 1.4]
469,[6.6 2.9 4.6 1.3],[6.8 2.8 4.8 1.4]
470,[6.6 2.9 4.6 1.3],[6.7 3.1 4.7 1.5]
471,[6.6 2.9 4.6 1.3],[6.6 3.  4.4 1.4]
472,[5.2 2.7 3.9 1.4],[5.  2.  3.5 1. ]
473,[5.2 2.7 3.9 1.4],[5.9 3.  4.2 1.5]
474,[5.2 2.7 3.9 1.4],[6.  2.2 4.  1. ]
475,[5.2 2.7 3.9 1.4],[6.1 2.9 4.7 1.4]
476,[5.2 2.7 3.9 1.4],[5.5 2.5 4.  1.3]
477,[5.2 2.7 3.9 1.4],[5.6 2.5 3.9 1.1]
478,[5.2 2.7 3.9 1.4],[5.5 2.4 3.8 1.1]
479,[5.2 2.7 3.9 1.4],[5.6 2.7 4.2 1.3]
480,[5.  2.  3.5 1. ],[5.9 3.  4.2 1.5]
481,[5.  2.  3.5 1. ],[6.  2.2 4.  1. ]
482,[5.  2.  3.5 1. ],[6.1 2.9 4.7 1.4]
483,[5.  2.  3.5 1. ],[5.6 2.9 3.6 1.3]
484,[5.  2.  3.5 1. ],[5.1 2.5 3.  1.1]
485,[5.  2.  3.5 1. ],[5.5 2.4 3.8 1.1]
486,[5.  2.  3.5 1. ],[5.  2.3 3.3 1. ]
487,[5.  2.  3.5 1. ],[5.5 2.4 3.7 1. ]
488,[5.9 3.  4.2 1.5],[6.  2.2 4.  1. ]
489,[5.9 3.  4.2 1.5],[6.1 2.9 4.7 1.4]
490,[5.9 3.  4.2 1.5],[5.6 2.9 3.6 1.3]
491,[5.9 3.  4.2 1.5],[6.7 3.1 4.4 1.4]
492,[5.9 3.  4.2 1.5],[5.7 3.  4.2 1.2]
493,[5.9 3.  4.2 1.5],[5.7 2.8 4.1 1.3]
494,[5.9 3.  4.2 1.5],[5.7 2.9 4.2 1.3]
495,[5.9 3.  4.2 1.5],[6.  2.9 4.5 1.5]
496,[6.  2.2 4.  1. ],[6.1 2.9 4.7 1.4]
497,[6.  2.2 4.  1. ],[5.6 2.9 3.6 1.3]
498,[6.  2.2 4.  1. ],[6.7 3.1 4.4 1.4]
499,[6.  2.2 4.  1. ],[5.6 3.  4.5 1.5]
500,[6.  2.2 4.  1. ],[5.6 2.5 3.9 1.1]
501,[6.  2.2 4.  1. ],[5.8 2.6 4.  1.2]
502,[6.  2.2 4.  1. ],[5.8 2.7 4.1 1. ]
503,[6.  2.2 4.  1. ],[5.5 2.4 3.8 1.1]
504,[6.1 2.9 4.7 1.4],[5.6 2.9 3.6 1.3]
505,[6.1 2.9 4.7 1.4],[6.7 3.1 4.4 1.4]
506,[6.1 2.9 4.7 1.4],[5.6 3.  4.5 1.5]
507,[6.1 2.9 4.7 1.4],[5.8 2.7 4.1 1. ]
508,[6.1 2.9 4.7 1.4],[6.1 3.  4.6 1.4]
509,[6.1 2.9 4.7 1.4],[6.1 2.8 4.7 1.2]
510,[6.1 2.9 4.7 1.4],[6.2 2.9 4.3 1.3]
511,[6.1 2.9 4.7 1.4],[6.  2.9 4.5 1.5]
512,[5.6 2.9 3.6 1.3],[6.7 3.1 4.4 1.4]
513,[5.6 2.9 3.6 1.3],[5.6 3.  4.5 1.5]
514,[5.6 2.9 3.6 1.3],[5.8 2.7 4.1 1. ]
515,[5.6 2.9 3.6 1.3],[6.2 2.2 4.5 1.5]
516,[5.6 2.9 3.6 1.3],[5.7 2.8 4.1 1.3]
517,[5.6 2.9 3.6 1.3],[5.7 2.6 3.5 1. ]
518,[5.6 2.9 3.6 1.3],[5.8 2.7 3.9 1.2]
519,[5.6 2.9 3.6 1.3],[5.6 3.  4.1 1.3]
520,[6.7 3.1 4.4 1.4],[5.6 3.  4.5 1.5]
521,[6.7 3.1 4.4 1.4],[5.8 2.7 4.1 1. ]
522,[6.7 3.1 4.4 1.4],[6.2 2.2 4.5 1.5]
523,[6.7 3.1 4.4 1.4],[5.6 2.5 3.9 1.1]
524,[6.7 3.1 4.4 1.4],[6.8 2.8 4.8 1.4]
525,[6.7 3.1 4.4 1.4],[6.6 3.  4.4 1.4]
526,[6.7 3.1 4.4 1.4],[6.7 3.1 4.7 1.5]
527,[6.7 3.1 4.4 1.4],[6.4 2.9 4.3 1.3]
528,[5.6 3.  4.5 1.5],[5.8 2.7 4.1 1. ]
529,[5.6 3.  4.5 1.5],[6.2 2.2 4.5 1.5]
530,[5.6 3.  4.5 1.5],[5.6 2.5 3.9 1.1]
531,[5.6 3.  4.5 1.5],[5.9 3.2 4.8 1.8]
532,[5.6 3.  4.5 1.5],[5.4 3.  4.5 1.5]
533,[5.6 3.  4.5 1.5],[6.  2.9 4.5 1.5]
534,[5.6 3.  4.5 1.5],[5.7 2.9 4.2 1.3]
535,[5.6 3.  4.5 1.5],[5.7 3.  4.2 1.2]
536,[5.8 2.7 4.1 1. ],[6.2 2.2 4.5 1.5]
537,[5.8 2.7 4.1 1. ],[5.6 2.5 3.9 1.1]
538,[5.8 2.7 4.1 1. ],[5.9 3.2 4.8 1.8]
539,[5.8 2.7 4.1 1. ],[6.1 2.8 4.  1.3]
540,[5.8 2.7 4.1 1. ],[5.8 2.6 4.  1.2]
541,[5.8 2.7 4.1 1. ],[5.6 2.5 3.9 1.1]
542,[5.8 2.7 4.1 1. ],[5.8 2.7 3.9 1.2]
543,[5.8 2.7 4.1 1. ],[5.7 2.8 4.1 1.3]
544,[6.2 2.2 4.5 1.5],[5.6 2.5 3.9 1.1]
545,[6.2 2.2 4.5 1.5],[5.9 3.2 4.8 1.8]
546,[6.2 2.2 4.5 1.5],[6.1 2.8 4.  1.3]
547,[6.2 2.2 4.5 1.5],[6.3 2.5 4.9 1.5]
548,[6.2 2.2 4.5 1.5],[6.3 2.3 4.4 1.3]
549,[6.2 2.2 4.5 1.5],[6.1 2.8 4.7 1.2]
550,[6.2 2.2 4.5 1.5],[6.  2.2 5.  1.5]
551,[6.2 2.2 4.5 1.5],[6.3 2.5 4.9 1.5]
552,[5.6 2.5 3.9 1.1],[5.9 3.2 4.8 1.8]
553,[5.6 2.5 3.9 1.1],[6.1 2.8 4.  1.3]
554,[5.6 2.5 3.9 1.1],[6.3 2.5 4.9 1.5]
555,[5.6 2.5 3.9 1.1],[6.1 2.8 4.7 1.2]
556,[5.6 2.5 3.9 1.1],[5.5 2.5 4.  1.3]
557,[5.6 2.5 3.9 1.1],[5.8 2.6 4.  1.2]
558,[5.6 2.5 3.9 1.1],[5.5 2.4 3.7 1. ]
559,[5.6 2.5 3.9 1.1],[5.5 2.4 3.8 1.1]
560,[5.9 3.2 4.8 1.8],[6.1 2.8 4.  1.3]
561,[5.9 3.2 4.8 1.8],[6.3 2.5 4.9 1.5]
562,[5.9 3.2 4.8 1.8],[6.1 2.8 4.7 1.2]
563,[5.9 3.2 4.8 1.8],[6.4 2.9 4.3 1.3]
564,[5.9 3.2 4.8 1.8],[6.  3.  4.8 1.8]
565,[5.9 3.2 4.8 1.8],[5.9 3.  5.1 1.8]
566,[5.9 3.2 4.8 1.8],[6.  3.4 4.5 1.6]
567,[5.9 3.2 4.8 1.8],[6.1 3.  4.9 1.8]
568,[6.1 2.8 4.  1.3],[6.3 2.5 4.9 1.5]
569,[6.1 2.8 4.  1.3],[6.1 2.8 4.7 1.2]
570,[6.1 2.8 4.  1.3],[6.4 2.9 4.3 1.3]
571,[6.1 2.8 4.  1.3],[6.6 3.  4.4 1.4]
572,[6.1 2.8 4.  1.3],[5.8 2.6 4.  1.2]
573,[6.1 2.8 4.  1.3],[5.8 2.7 3.9 1.2]
574,[6.1 2.8 4.  1.3],[5.7 2.8 4.1 1.3]
575,[6.1 2.8 4.  1.3],[6.2 2.9 4.3 1.3]
576,[6.3 2.5 4.9 1.5],[6.1 2.8 4.7 1.2]
577,[6.3 2.5 4.9 1.5],[6.4 2.9 4.3 1.3]
578,[6.3 2.5 4.9 1.5],[6.6 3.  4.4 1.4]
579,[6.3 2.5 4.9 1.5],[6.8 2.8 4.8 1.4]
580,[6.3 2.5 4.9 1.5],[6.3 2.8 5.1 1.5]
581,[6.3 2.5 4.9 1.5],[6.3 2.7 4.9 1.8]
582,[6.3 2.5 4.9 1.5],[6.  2.7 5.1 1.6]
583,[6.3 2.5 4.9 1.5],[6.3 2.5 5.  1.9]
584,[6.1 2.8 4.7 1.2],[6.4 2.9 4.3 1.3]
585,[6.1 2.8 4.7 1.2],[6.6 3.  4.4 1.4]
586,[6.1 2.8 4.7 1.2],[6.8 2.8 4.8 1.4]
587,[6.1 2.8 4.7 1.2],[6.7 3.  5.  1.7]
588,[6.1 2.8 4.7 1.2],[6.4 2.9 4.3 1.3]
589,[6.1 2.8 4.7 1.2],[6.1 3.  4.6 1.4]
590,[6.1 2.8 4.7 1.2],[6.2 2.9 4.3 1.3]
591,[6.1 2.8 4.7 1.2],[6.  2.9 4.5 1.5]
592,[6.4 2.9 4.3 1.3],[6.6 3.  4.4 1.4]
593,[6.4 2.9 4.3 1.3],[6.8 2.8 4.8 1.4]
594,[6.4 2.9 4.3 1.3],[6.7 3.  5.  1.7]
595,[6.4 2.9 4.3 1.3],[6.  2.9 4.5 1.5]
596,[6.4 2.9 4.3 1.3],[6.6 3.  4.4 1.4]
597,[6.4 2.9 4.3 1.3],[6.1 3.  4.6 1.4]
598,[6.4 2.9 4.3 1.3],[6.2 2.9 4.3 1.3]
599,[6.4 2.9 4.3 1.3],[6.  2.9 4.5 1.5]
600,[6.6 3.  4.4 1.4],[6.8 2.8 4.8 1.4]
601,[6.6 3.  4.4 1.4],[6.7 3.  5.  1.7]
602,[6.6 3.  4.4 1.4],[6.  2.9 4.5 1.5]
603,[6.6 3.  4.4 1.4],[5.7 2.6 3.5 1. ]
604,[6.6 3.  4.4 1.4],[6.8 2.8 4.8 1.4]
605,[6.6 3.  4.4 1.4],[6.1 3.  4.6 1.4]
606,[6.6 3.  4.4 1.4],[6.2 2.9 4.3 1.3]
607,[6.6 3.  4.4 1.4],[6.7 3.1 4.7 1.5]
608,[6.8 2.8 4.8 1.4],[6.7 3.  5.  1.7]
609,[6.8 2.8 4.8 1.4],[6.  2.9 4.5 1.5]
610,[6.8 2.8 4.8 1.4],[5.7 2.6 3.5 1. ]
611,[6.8 2.8 4.8 1.4],[5.5 2.4 3.8 1.1]
612,[6.8 2.8 4.8 1.4],[6.7 3.  5.  1.7]
613,[6.8 2.8 4.8 1.4],[6.3 2.8 5.1 1.5]
614,[6.8 2.8 4.8 1.4],[6.7 3.1 4.7 1.5]
615,[6.8 2.8 4.8 1.4],[6.3 2.7 4.9 1.8]
616,[6.7 3.  5.  1.7],[6.  2.9 4.5 1.5]
617,[6.7 3.  5.  1.7],[5.7 2.6 3.5 1. ]
618,[6.7 3.  5.  1.7],[5.5 2.4 3.8 1.1]
619,[6.7 3.  5.  1.7],[5.5 2.4 3.7 1. ]
620,[6.7 3.  5.  1.7],[6.3 2.8 5.1 1.5]
621,[6.7 3.  5.  1.7],[6.5 3.  5.2 2. ]
622,[6.7 3.  5.  1.7],[6.7 3.1 4.7 1.5]
623,[6.7 3.  5.  1.7],[6.5 3.2 5.1 2. ]
624,[6.  2.9 4.5 1.5],[5.7 2.6 3.5 1. ]
625,[6.  2.9 4.5 1.5],[5.5 2.4 3.8 1.1]
626,[6.  2.9 4.5 1.5],[5.5 2.4 3.7 1. ]
627,[6.  2.9 4.5 1.5],[5.8 2.7 3.9 1.2]
628,[6.  2.9 4.5 1.5],[6.1 3.  4.6 1.4]
629,[6.  2.9 4.5 1.5],[6.  3.  4.8 1.8]
630,[6.  2.9 4.5 1.5],[6.2 2.9 4.3 1.3]
631,[6.  2.9 4.5 1.5],[5.7 2.9 4.2 1.3]
632,[5.7 2.6 3.5 1. ],[5.5 2.4 3.8 1.1]
633,[5.7 2.6 3.5 1. ],[5.5 2.4 3.7 1. ]
634,[5.7 2.6 3.5 1. ],[5.8 2.7 3.9 1.2]
635,[5.7 2.6 3.5 1. ],[6.  2.7 5.1 1.6]
636,[5.7 2.6 3.5 1. ],[5.5 2.4 3.8 1.1]
637,[5.7 2.6 3.5 1. ],[5.5 2.4 3.7 1. ]
638,[5.7 2.6 3.5 1. ],[5.8 2.7 3.9 1.2]
639,[5.7 2.6 3.5 1. ],[5.8 2.6 4.  1.2]
640,[5.5 2.4 3.8 1.1],[5.5 2.4 3.7 1. ]
641,[5.5 2.4 3.8 1.1],[5.8 2.7 3.9 1.2]
642,[5.5 2.4 3.8 1.1],[6.  2.7 5.1 1.6]
643,[5.5 2.4 3.8 1.1],[5.4 3.  4.5 1.5]
644,[5.5 2.4 3.8 1.1],[5.5 2.4 3.7 1. ]
645,[5.5 2.4 3.8 1.1],[5.8 2.7 3.9 1.2]
646,[5.5 2.4 3.8 1.1],[5.8 2.6 4.  1.2]
647,[5.5 2.4 3.8 1.1],[5.5 2.5 4.  1.3]
648,[5.5 2.4 3.7 1. ],[5.8 2.7 3.9 1.2]
649,[5.5 2.4 3.7 1. ],[6.  2.7 5.1 1.6]
650,[5.5 2.4 3.7 1. ],[5.4 3.  4.5 1.5]
651,[5.5 2.4 3.7 1. ],[6.  3.4 4.5 1.6]
652,[5.5 2.4 3.7 1. ],[5.8 2.7 3.9 1.2]
653,[5.5 2.4 3.7 1. ],[5.  2.3 3.3 1. ]
654,[5.5 2.4 3.7 1. ],[5.5 2.5 4.  1.3]
655,[5.5 2.4 3.7 1. ],[5.8 2.6 4.  1.2]
656,[5.8 2.7 3.9 1.2],[6.  2.7 5.1 1.6]
657,[5.8 2.7 3.9 1.2],[5.4 3.  4.5 1.5]
658,[5.8 2.7 3.9 1.2],[6.  3.4 4.5 1.6]
659,[5.8 2.7 3.9 1.2],[6.7 3.1 4.7 1.5]
660,[5.8 2.7 3.9 1.2],[5.7 2.8 4.1 1.3]
661,[5.8 2.7 3.9 1.2],[5.6 2.7 4.2 1.3]
662,[5.8 2.7 3.9 1.2],[5.5 2.5 4.  1.3]
663,[5.8 2.7 3.9 1.2],[5.8 2.6 4.  1.2]
664,[6.  2.7 5.1 1.6],[5.4 3.  4.5 1.5]
665,[6.  2.7 5.1 1.6],[6.  3.4 4.5 1.6]
666,[6.  2.7 5.1 1.6],[6.7 3.1 4.7 1.5]
667,[6.  2.7 5.1 1.6],[6.3 2.3 4.4 1.3]
668,[6.  2.7 5.1 1.6],[5.9 3.  5.1 1.8]
669,[6.  2.7 5.1 1.6],[5.8 2.7 5.1 1.9]
670,[6.  2.7 5.1 1.6],[5.8 2.7 5.1 1.9]
671,[6.  2.7 5.1 1.6],[6.3 2.8 5.1 1.5]
672,[5.4 3.  4.5 1.5],[6.  3.4 4.5 1.6]
673,[5.4 3.  4.5 1.5],[6.7 3.1 4.7 1.5]
674,[5.4 3.  4.5 1.5],[6.3 2.3 4.4 1.3]
675,[5.4 3.  4.5 1.5],[5.6 3.  4.1 1.3]
676,[5.4 3.  4.5 1.5],[5.6 2.7 4.2 1.3]
677,[5.4 3.  4.5 1.5],[5.7 2.9 4.2 1.3]
678,[5.4 3.  4.5 1.5],[5.5 2.6 4.4 1.2]
679,[5.4 3.  4.5 1.5],[5.6 3.  4.1 1.3]
680,[6.  3.4 4.5 1.6],[6.7 3.1 4.7 1.5]
681,[6.  3.4 4.5 1.6],[6.3 2.3 4.4 1.3]
682,[6.  3.4 4.5 1.6],[5.6 3.  4.1 1.3]
683,[6.  3.4 4.5 1.6],[5.5 2.5 4.  1.3]
684,[6.  3.4 4.5 1.6],[6.1 3.  4.9 1.8]
685,[6.  3.4 4.5 1.6],[6.  3.  4.8 1.8]
686,[6.  3.4 4.5 1.6],[6.2 2.9 4.3 1.3]
687,[6.  3.4 4.5 1.6],[6.1 3.  4.6 1.4]
688,[6.7 3.1 4.7 1.5],[6.3 2.3 4.4 1.3]
689,[6.7 3.1 4.7 1.5],[5.6 3.  4.1 1.3]
690,[6.7 3.1 4.7 1.5],[5.5 2.5 4.  1.3]
691,[6.7 3.1 4.7 1.5],[5.5 2.6 4.4 1.2]
692,[6.7 3.1 4.7 1.5],[6.3 2.7 4.9 1.8]
693,[6.7 3.1 4.7 1.5],[6.3 2.8 5.1 1.5]
694,[6.7 3.1 4.7 1.5],[6.1 3.  4.6 1.4]
695,[6.7 3.1 4.7 1.5],[6.2 2.8 4.8 1.8]
696,[6.3 2.3 4.4 1.3],[5.6 3.  4.1 1.3]
697,[6.3 2.3 4.4 1.3],[5.5 2.5 4.  1.3]
698,[6.3 2.3 4.4 1.3],[5.5 2.6 4.4 1.2]
699,[6.3 2.3 4.4 1.3],[6.1 3.  4.6 1.4]
700,[6.3 2.3 4.4 1.3],[5.8 2.6 4.  1.2]
701,[6.3 2.3 4.4 1.3],[6.  2.2 5.  1.5]
702,[6.3 2.3 4.4 1.3],[6.2 2.9 4.3 1.3]
703,[6.3 2.3 4.4 1.3],[6.1 3.  4.6 1.4]
704,[5.6 3.  4.1 1.3],[5.5 2.5 4.  1.3]
705,[5.6 3.  4.1 1.3],[5.5 2.6 4.4 1.2]
706,[5.6 3.  4.1 1.3],[6.1 3.  4.6 1.4]
707,[5.6 3.  4.1 1.3],[5.8 2.6 4.  1.2]
708,[5.6 3.  4.1 1.3],[5.7 2.9 4.2 1.3]
709,[5.6 3.  4.1 1.3],[5.7 3.  4.2 1.2]
710,[5.6 3.  4.1 1.3],[5.6 2.7 4.2 1.3]
711,[5.6 3.  4.1 1.3],[5.7 2.8 4.1 1.3]
712,[5.5 2.5 4.  1.3],[5.5 2.6 4.4 1.2]
713,[5.5 2.5 4.  1.3],[6.1 3.  4.6 1.4]
714,[5.5 2.5 4.  1.3],[5.8 2.6 4.  1.2]
715,[5.5 2.5 4.  1.3],[5.  2.3 3.3 1. ]
716,[5.5 2.5 4.  1.3],[5.5 2.6 4.4 1.2]
717,[5.5 2.5 4.  1.3],[5.6 2.7 4.2 1.3]
718,[5.5 2.5 4.  1.3],[5.8 2.6 4.  1.2]
719,[5.5 2.5 4.  1.3],[5.7 2.8 4.1 1.3]
720,[5.5 2.6 4.4 1.2],[6.1 3.  4.6 1.4]
721,[5.5 2.6 4.4 1.2],[5.8 2.6 4.  1.2]
722,[5.5 2.6 4.4 1.2],[5.  2.3 3.3 1. ]
723,[5.5 2.6 4.4 1.2],[5.6 2.7 4.2 1.3]
724,[5.5 2.6 4.4 1.2],[5.7 2.9 4.2 1.3]
725,[5.5 2.6 4.4 1.2],[5.7 2.8 4.1 1.3]
726,[5.5 2.6 4.4 1.2],[5.7 3.  4.2 1.2]
727,[5.5 2.6 4.4 1.2],[5.6 2.7 4.2 1.3]
728,[6.1 3.  4.6 1.4],[5.8 2.6 4.  1.2]
729,[6.1 3.  4.6 1.4],[5.  2.3 3.3 1. ]
730,[6.1 3.  4.6 1.4],[5.6 2.7 4.2 1.3]
731,[6.1 3.  4.6 1.4],[5.7 3.  4.2 1.2]
732,[6.1 3.  4.6 1.4],[6.2 2.9 4.3 1.3]
733,[6.1 3.  4.6 1.4],[6.  3.  4.8 1.8]
734,[6.1 3.  4.6 1.4],[6.2 2.8 4.8 1.8]
735,[6.1 3.  4.6 1.4],[6.1 3.  4.9 1.8]
736,[5.8 2.6 4.  1.2],[5.  2.3 3.3 1. ]
737,[5.8 2.6 4.  1.2],[5.6 2.7 4.2 1.3]
738,[5.8 2.6 4.  1.2],[5.7 3.  4.2 1.2]
739,[5.8 2.6 4.  1.2],[5.7 2.9 4.2 1.3]
740,[5.8 2.6 4.  1.2],[5.7 2.8 4.1 1.3]
741,[5.8 2.6 4.  1.2],[5.6 2.7 4.2 1.3]
742,[5.8 2.6 4.  1.2],[5.7 3.  4.2 1.2]
743,[5.8 2.6 4.  1.2],[5.7 2.9 4.2 1.3]
744,[5.  2.3 3.3 1. ],[5.6 2.7 4.2 1.3]
745,[5.  2.3 3.3 1. ],[5.7 3.  4.2 1.2]
746,[5.  2.3 3.3 1. ],[5.7 2.9 4.2 1.3]
747,[5.  2.3 3.3 1. ],[6.2 2.9 4.3 1.3]
748,[5.  2.3 3.3 1. ],[5.6 2.7 4.2 1.3]
749,[5.  2.3 3.3 1. ],[5.7 2.8 4.1 1.3]
750,[5.  2.3 3.3 1. ],[5.7 2.9 4.2 1.3]
751,[5.  2.3 3.3 1. ],[5.1 2.5 3.  1.1]
752,[5.6 2.7 4.2 1.3],[5.7 3.  4.2 1.2]
753,[5.6 2.7 4.2 1.3],[5.7 2.9 4.2 1.3]
754,[5.6 2.7 4.2 1.3],[6.2 2.9 4.3 1.3]
755,[5.6 2.7 4.2 1.3],[5.1 2.5 3.  1.1]
756,[5.6 2.7 4.2 1.3],[5.7 3.  4.2 1.2]
757,[5.6 2.7 4.2 1.3],[5.7 2.9 4.2 1.3]
758,[5.6 2.7 4.2 1.3],[6.2 2.9 4.3 1.3]
759,[5.6 2.7 4.2 1.3],[5.7 2.8 4.1 1.3]
760,[5.7 3.  4.2 1.2],[5.7 2.9 4.2 1.3]
761,[5.7 3.  4.2 1.2],[6.2 2.9 4.3 1.3]
762,[5.7 3.  4.2 1.2],[5.1 2.5 3.  1.1]
763,[5.7 3.  4.2 1.2],[5.7 2.8 4.1 1.3]
764,[5.7 3.  4.2 1.2],[5.7 2.9 4.2 1.3]
765,[5.7 3.  4.2 1.2],[6.2 2.9 4.3 1.3]
766,[5.7 3.  4.2 1.2],[6.  3.  4.8 1.8]
767,[5.7 3.  4.2 1.2],[5.7 2.8 4.1 1.3]
768,[5.7 2.9 4.2 1.3],[6.2 2.9 4.3 1.3]
769,[5.7 2.9 4.2 1.3],[5.1 2.5 3.  1.1]
770,[5.7 2.9 4.2 1.3],[5.7 2.8 4.1 1.3]
771,[5.7 2.9 4.2 1.3],[6.3 3.3 6.  2.5]
772,[5.7 2.9 4.2 1.3],[6.2 2.9 4.3 1.3]
773,[5.7 2.9 4.2 1.3],[6.2 2.8 4.8 1.8]
774,[5.7 2.9 4.2 1.3],[5.7 2.8 4.1 1.3]
775,[5.7 2.9 4.2 1.3],[6.  3.  4.8 1.8]
776,[6.2 2.9 4.3 1.3],[5.1 2.5 3.  1.1]
777,[6.2 2.9 4.3 1.3],[5.7 2.8 4.1 1.3]
778,[6.2 2.9 4.3 1.3],[6.3 3.3 6.  2.5]
779,[6.2 2.9 4.3 1.3],[5.8 2.7 5.1 1.9]
780,[6.2 2.9 4.3 1.3],[6.  3.  4.8 1.8]
781,[6.2 2.9 4.3 1.3],[5.7 2.8 4.1 1.3]
782,[6.2 2.9 4.3 1.3],[6.1 3.  4.9 1.8]
783,[6.2 2.9 4.3 1.3],[6.2 2.8 4.8 1.8]
784,[5.1 2.5 3.  1.1],[5.7 2.8 4.1 1.3]
785,[5.1 2.5 3.  1.1],[6.3 3.3 6.  2.5]
786,[5.1 2.5 3.  1.1],[5.8 2.7 5.1 1.9]
787,[5.1 2.5 3.  1.1],[7.1 3.  5.9 2.1]
788,[5.1 2.5 3.  1.1],[5.7 2.8 4.1 1.3]
789,[5.1 2.5 3.  1.1],[4.9 2.5 4.5 1.7]
790,[5.1 2.5 3.  1.1],[6.  3.  4.8 1.8]
791,[5.1 2.5 3.  1.1],[5.6 2.8 4.9 2. ]
792,[5.7 2.8 4.1 1.3],[6.3 3.3 6.  2.5]
793,[5.7 2.8 4.1 1.3],[5.8 2.7 5.1 1.9]
794,[5.7 2.8 4.1 1.3],[7.1 3.  5.9 2.1]
795,[5.7 2.8 4.1 1.3],[6.3 2.9 5.6 1.8]
796,[5.7 2.8 4.1 1.3],[4.9 2.5 4.5 1.7]
797,[5.7 2.8 4.1 1.3],[6.1 3.  4.9 1.8]
798,[5.7 2.8 4.1 1.3],[6.2 2.8 4.8 1.8]
799,[5.7 2.8 4.1 1.3],[6.  3.  4.8 1.8]
800,[6.3 3.3 6.  2.5],[5.8 2.7 5.1 1.9]
801,[6.3 3.3 6.  2.5],[7.1 3.  5.9 2.1]
802,[6.3 3.3 6.  2.5],[6.3 2.9 5.6 1.8]
803,[6.3 3.3 6.  2.5],[6.5 3.  5.8 2.2]
804,[6.3 3.3 6.  2.5],[6.8 3.2 5.9 2.3]
805,[6.3 3.3 6.  2.5],[6.3 3.4 5.6 2.4]
806,[6.3 3.3 6.  2.5],[6.7 3.3 5.7 2.5]
807,[6.3 3.3 6.  2.5],[6.5 3.  5.8 2.2]
808,[5.8 2.7 5.1 1.9],[7.1 3.  5.9 2.1]
809,[5.8 2.7 5.1 1.9],[6.3 2.9 5.6 1.8]
810,[5.8 2.7 5.1 1.9],[6.5 3.  5.8 2.2]
811,[5.8 2.7 5.1 1.9],[7.6 3.  6.6 2.1]
812,[5.8 2.7 5.1 1.9],[5.8 2.7 5.1 1.9]
813,[5.8 2.7 5.1 1.9],[5.6 2.8 4.9 2. ]
814,[5.8 2.7 5.1 1.9],[5.7 2.5 5.  2. ]
815,[5.8 2.7 5.1 1.9],[5.9 3.  5.1 1.8]
816,[7.1 3.  5.9 2.1],[6.3 2.9 5.6 1.8]
817,[7.1 3.  5.9 2.1],[6.5 3.  5.8 2.2]
818,[7.1 3.  5.9 2.1],[7.6 3.  6.6 2.1]
819,[7.1 3.  5.9 2.1],[4.9 2.5 4.5 1.7]
820,[7.1 3.  5.9 2.1],[6.9 3.2 5.7 2.3]
821,[7.1 3.  5.9 2.1],[7.4 2.8 6.1 1.9]
822,[7.1 3.  5.9 2.1],[6.8 3.2 5.9 2.3]
823,[7.1 3.  5.9 2.1],[7.2 3.2 6.  1.8]
824,[6.3 2.9 5.6 1.8],[6.5 3.  5.8 2.2]
825,[6.3 2.9 5.6 1.8],[7.6 3.  6.6 2.1]
826,[6.3 2.9 5.6 1.8],[4.9 2.5 4.5 1.7]
827,[6.3 2.9 5.6 1.8],[7.3 2.9 6.3 1.8]
828,[6.3 2.9 5.6 1.8],[6.4 3.1 5.5 1.8]
829,[6.3 2.9 5.6 1.8],[6.4 2.8 5.6 2.1]
830,[6.3 2.9 5.6 1.8],[6.5 3.  5.5 1.8]
831,[6.3 2.9 5.6 1.8],[6.4 2.7 5.3 1.9]
832,[6.5 3.  5.8 2.2],[7.6 3.  6.6 2.1]
833,[6.5 3.  5.8 2.2],[4.9 2.5 4.5 1.7]
834,[6.5 3.  5.8 2.2],[7.3 2.9 6.3 1.8]
835,[6.5 3.  5.8 2.2],[6.7 2.5 5.8 1.8]
836,[6.5 3.  5.8 2.2],[6.7 3.3 5.7 2.1]
837,[6.5 3.  5.8 2.2],[6.7 3.1 5.6 2.4]
838,[6.5 3.  5.8 2.2],[6.4 2.8 5.6 2.2]
839,[6.5 3.  5.8 2.2],[6.4 2.8 5.6 2.1]
840,[7.6 3.  6.6 2.1],[4.9 2.5 4.5 1.7]
841,[7.6 3.  6.6 2.1],[7.3 2.9 6.3 1.8]
842,[7.6 3.  6.6 2.1],[6.7 2.5 5.8 1.8]
843,[7.6 3.  6.6 2.1],[7.2 3.6 6.1 2.5]
844,[7.6 3.  6.6 2.1],[7.7 3.  6.1 2.3]
845,[7.6 3.  6.6 2.1],[7.3 2.9 6.3 1.8]
846,[7.6 3.  6.6 2.1],[7.7 2.6 6.9 2.3]
847,[7.6 3.  6.6 2.1],[7.7 2.8 6.7 2. ]
848,[4.9 2.5 4.5 1.7],[7.3 2.9 6.3 1.8]
849,[4.9 2.5 4.5 1.7],[6.7 2.5 5.8 1.8]
850,[4.9 2.5 4.5 1.7],[7.2 3.6 6.1 2.5]
851,[4.9 2.5 4.5 1.7],[6.5 3.2 5.1 2. ]
852,[4.9 2.5 4.5 1.7],[5.7 2.5 5.  2. ]
853,[4.9 2.5 4.5 1.7],[6.  3.  4.8 1.8]
854,[4.9 2.5 4.5 1.7],[5.6 2.8 4.9 2. ]
855,[4.9 2.5 4.5 1.7],[5.8 2.7 5.1 1.9]
856,[7.3 2.9 6.3 1.8],[6.7 2.5 5.8 1.8]
857,[7.3 2.9 6.3 1.8],[7.2 3.6 6.1 2.5]
858,[7.3 2.9 6.3 1.8],[6.5 3.2 5.1 2. ]
859,[7.3 2.9 6.3 1.8],[6.4 2.7 5.3 1.9]
860,[7.3 2.9 6.3 1.8],[7.4 2.8 6.1 1.9]
861,[7.3 2.9 6.3 1.8],[7.2 3.  5.8 1.6]
862,[7.3 2.9 6.3 1.8],[7.7 2.8 6.7 2. ]
863,[7.3 2.9 6.3 1.8],[7.2 3.2 6.  1.8]
864,[6.7 2.5 5.8 1.8],[7.2 3.6 6.1 2.5]
865,[6.7 2.5 5.8 1.8],[6.5 3.2 5.1 2. ]
866,[6.7 2.5 5.8 1.8],[6.4 2.7 5.3 1.9]
867,[6.7 2.5 5.8 1.8],[6.8 3.  5.5 2.1]
868,[6.7 2.5 5.8 1.8],[6.5 3.  5.5 1.8]
869,[6.7 2.5 5.8 1.8],[6.4 2.8 5.6 2.1]
870,[6.7 2.5 5.8 1.8],[6.4 2.7 5.3 1.9]
871,[6.7 2.5 5.8 1.8],[6.4 2.8 5.6 2.2]
872,[7.2 3.6 6.1 2.5],[6.5 3.2 5.1 2. ]
873,[7.2 3.6 6.1 2.5],[6.4 2.7 5.3 1.9]
874,[7.2 3.6 6.1 2.5],[6.8 3.  5.5 2.1]
875,[7.2 3.6 6.1 2.5],[5.7 2.5 5.  2. ]
876,[7.2 3.6 6.1 2.5],[7.7 3.  6.1 2.3]
877,[7.2 3.6 6.1 2.5],[6.9 3.2 5.7 2.3]
878,[7.2 3.6 6.1 2.5],[6.8 3.2 5.9 2.3]
879,[7.2 3.6 6.1 2.5],[6.7 3.3 5.7 2.5]
880,[6.5 3.2 5.1 2. ],[6.4 2.7 5.3 1.9]
881,[6.5 3.2 5.1 2. ],[6.8 3.  5.5 2.1]
882,[6.5 3.2 5.1 2. ],[5.7 2.5 5.  2. ]
883,[6.5 3.2 5.1 2. ],[5.8 2.8 5.1 2.4]
884,[6.5 3.2 5.1 2. ],[6.7 3.  5.2 2.3]
885,[6.5 3.2 5.1 2. ],[6.4 3.1 5.5 1.8]
886,[6.5 3.2 5.1 2. ],[6.4 3.2 5.3 2.3]
887,[6.5 3.2 5.1 2. ],[6.5 3.  5.2 2. ]
888,[6.4 2.7 5.3 1.9],[6.8 3.  5.5 2.1]
889,[6.4 2.7 5.3 1.9],[5.7 2.5 5.  2. ]
890,[6.4 2.7 5.3 1.9],[5.8 2.8 5.1 2.4]
891,[6.4 2.7 5.3 1.9],[6.4 3.2 5.3 2.3]
892,[6.4 2.7 5.3 1.9],[6.4 2.8 5.6 2.1]
893,[6.4 2.7 5.3 1.9],[6.5 3.  5.2 2. ]
894,[6.4 2.7 5.3 1.9],[6.5 3.  5.5 1.8]
895,[6.4 2.7 5.3 1.9],[6.3 2.5 5.  1.9]
896,[6.8 3.  5.5 2.1],[5.7 2.5 5.  2. ]
897,[6.8 3.  5.5 2.1],[5.8 2.8 5.1 2.4]
898,[6.8 3.  5.5 2.1],[6.4 3.2 5.3 2.3]
899,[6.8 3.  5.5 2.1],[6.5 3.  5.5 1.8]
900,[6.8 3.  5.5 2.1],[6.9 3.2 5.7 2.3]
901,[6.8 3.  5.5 2.1],[6.7 3.  5.2 2.3]
902,[6.8 3.  5.5 2.1],[6.9 3.1 5.4 2.1]
903,[6.8 3.  5.5 2.1],[6.7 3.1 5.6 2.4]
904,[5.7 2.5 5.  2. ],[5.8 2.8 5.1 2.4]
905,[5.7 2.5 5.  2. ],[6.4 3.2 5.3 2.3]
906,[5.7 2.5 5.  2. ],[6.5 3.  5.5 1.8]
907,[5.7 2.5 5.  2. ],[7.7 3.8 6.7 2.2]
908,[5.7 2.5 5.  2. ],[5.8 2.8 5.1 2.4]
909,[5.7 2.5 5.  2. ],[5.8 2.7 5.1 1.9]
910,[5.7 2.5 5.  2. ],[5.6 2.8 4.9 2. ]
911,[5.7 2.5 5.  2. ],[5.9 3.  5.1 1.8]
912,[5.8 2.8 5.1 2.4],[6.4 3.2 5.3 2.3]
913,[5.8 2.8 5.1 2.4],[6.5 3.  5.5 1.8]
914,[5.8 2.8 5.1 2.4],[7.7 3.8 6.7 2.2]
915,[5.8 2.8 5.1 2.4],[7.7 2.6 6.9 2.3]
916,[5.8 2.8 5.1 2.4],[5.8 2.7 5.1 1.9]
917,[5.8 2.8 5.1 2.4],[5.9 3.  5.1 1.8]
918,[5.8 2.8 5.1 2.4],[6.1 3.  4.9 1.8]
919,[5.8 2.8 5.1 2.4],[5.6 2.8 4.9 2. ]
920,[6.4 3.2 5.3 2.3],[6.5 3.  5.5 1.8]
921,[6.4 3.2 5.3 2.3],[7.7 3.8 6.7 2.2]
922,[6.4 3.2 5.3 2.3],[7.7 2.6 6.9 2.3]
923,[6.4 3.2 5.3 2.3],[6.  2.2 5.  1.5]
924,[6.4 3.2 5.3 2.3],[6.3 3.4 5.6 2.4]
925,[6.4 3.2 5.3 2.3],[6.2 3.4 5.4 2.3]
926,[6.4 3.2 5.3 2.3],[6.5 3.  5.2 2. ]
927,[6.4 3.2 5.3 2.3],[6.7 3.  5.2 2.3]
928,[6.5 3.  5.5 1.8],[7.7 3.8 6.7 2.2]
929,[6.5 3.  5.5 1.8],[7.7 2.6 6.9 2.3]
930,[6.5 3.  5.5 1.8],[6.  2.2 5.  1.5]
931,[6.5 3.  5.5 1.8],[6.9 3.2 5.7 2.3]
932,[6.5 3.  5.5 1.8],[6.4 3.1 5.5 1.8]
933,[6.5 3.  5.5 1.8],[6.5 3.  5.2 2. ]
934,[6.5 3.  5.5 1.8],[6.4 2.8 5.6 2.1]
935,[6.5 3.  5.5 1.8],[6.4 2.8 5.6 2.2]
936,[7.7 3.8 6.7 2.2],[7.7 2.6 6.9 2.3]
937,[7.7 3.8 6.7 2.2],[6.  2.2 5.  1.5]
938,[7.7 3.8 6.7 2.2],[6.9 3.2 5.7 2.3]
939,[7.7 3.8 6.7 2.2],[5.6 2.8 4.9 2. ]
940,[7.7 3.8 6.7 2.2],[7.7 3.  6.1 2.3]
941,[7.7 3.8 6.7 2.2],[7.7 2.8 6.7 2. ]
942,[7.7 3.8 6.7 2.2],[7.9 3.8 6.4 2. ]
943,[7.7 3.8 6.7 2.2],[7.2 3.2 6.  1.8]
944,[7.7 2.6 6.9 2.3],[6.  2.2 5.  1.5]
945,[7.7 2.6 6.9 2.3],[6.9 3.2 5.7 2.3]
946,[7.7 2.6 6.9 2.3],[5.6 2.8 4.9 2. ]
947,[7.7 2.6 6.9 2.3],[7.7 2.8 6.7 2. ]
948,[7.7 2.6 6.9 2.3],[7.7 3.  6.1 2.3]
949,[7.7 2.6 6.9 2.3],[7.4 2.8 6.1 1.9]
950,[7.7 2.6 6.9 2.3],[7.2 3.2 6.  1.8]
951,[7.7 2.6 6.9 2.3],[7.7 2.8 6.7 2. ]
952,[6.  2.2 5.  1.5],[6.9 3.2 5.7 2.3]
953,[6.  2.2 5.  1.5],[5.6 2.8 4.9 2. ]
954,[6.  2.2 5.  1.5],[7.7 2.8 6.7 2. ]
955,[6.  2.2 5.  1.5],[6.3 2.7 4.9 1.8]
956,[6.  2.2 5.  1.5],[6.3 2.5 5.  1.9]
957,[6.  2.2 5.  1.5],[6.3 2.8 5.1 1.5]
958,[6.  2.2 5.  1.5],[5.8 2.7 5.1 1.9]
959,[6.  2.2 5.  1.5],[6.3 2.7 4.9 1.8]
960,[6.9 3.2 5.7 2.3],[5.6 2.8 4.9 2. ]
961,[6.9 3.2 5.7 2.3],[7.7 2.8 6.7 2. ]
962,[6.9 3.2 5.7 2.3],[6.3 2.7 4.9 1.8]
963,[6.9 3.2 5.7 2.3],[6.7 3.3 5.7 2.1]
964,[6.9 3.2 5.7 2.3],[6.7 3.1 5.6 2.4]
965,[6.9 3.2 5.7 2.3],[6.8 3.2 5.9 2.3]
966,[6.9 3.2 5.7 2.3],[6.7 3.3 5.7 2.5]
967,[6.9 3.2 5.7 2.3],[6.7 3.3 5.7 2.1]
968,[5.6 2.8 4.9 2. ],[7.7 2.8 6.7 2. ]
969,[5.6 2.8 4.9 2. ],[6.3 2.7 4.9 1.8]
970,[5.6 2.8 4.9 2. ],[6.7 3.3 5.7 2.1]
971,[5.6 2.8 4.9 2. ],[7.2 3.2 6.  1.8]
972,[5.6 2.8 4.9 2. ],[5.9 3.  5.1 1.8]
973,[5.6 2.8 4.9 2. ],[5.8 2.7 5.1 1.9]
974,[5.6 2.8 4.9 2. ],[6.  3.  4.8 1.8]
975,[5.6 2.8 4.9 2. ],[6.1 3.  4.9 1.8]
976,[7.7 2.8 6.7 2. ],[6.3 2.7 4.9 1.8]
977,[7.7 2.8 6.7 2. ],[6.7 3.3 5.7 2.1]
978,[7.7 2.8 6.7 2. ],[7.2 3.2 6.  1.8]
979,[7.7 2.8 6.7 2. ],[6.2 2.8 4.8 1.8]
980,[7.7 2.8 6.7 2. ],[7.7 3.  6.1 2.3]
981,[7.7 2.8 6.7 2. ],[7.9 3.8 6.4 2. ]
982,[7.7 2.8 6.7 2. ],[7.2 3.2 6.  1.8]
983,[7.7 2.8 6.7 2. ],[7.4 2.8 6.1 1.9]
984,[6.3 2.7 4.9 1.8],[6.7 3.3 5.7 2.1]
985,[6.3 2.7 4.9 1.8],[7.2 3.2 6.  1.8]
986,[6.3 2.7 4.9 1.8],[6.2 2.8 4.8 1.8]
987,[6.3 2.7 4.9 1.8],[6.1 3.  4.9 1.8]
988,[6.3 2.7 4.9 1.8],[6.3 2.8 5.1 1.5]
989,[6.3 2.7 4.9 1.8],[6.3 2.5 5.  1.9]
990,[6.3 2.7 4.9 1.8],[6.2 2.8 4.8 1.8]
991,[6.3 2.7 4.9 1.8],[6.1 3.  4.9 1.8]
992,[6.7 3.3 5.7 2.1],[7.2 3.2 6.  1.8]
993,[6.7 3.3 5.7 2.1],[6.2 2.8 4.8 1.8]
994,[6.7 3.3 5.7 2.1],[6.1 3.  4.9 1.8]
995,[6.7 3.3 5.7 2.1],[6.4 2.8 5.6 2.1]
996,[6.7 3.3 5.7 2.1],[6.7 3.3 5.7 2.5]
997,[6.7 3.3 5.7 2.1],[6.8 3.2 5.9 2.3]
998,[6.7 3.3 5.7 2.1],[6.9 3.1 5.4 2.1]
999,[6.7 3.3 5.7 2.1],[6.7 3.1 5.6 2.4]
1000,[7.2 3.2 6.  1.8],[6.2 2.8 4.8 1.8]
1001,[7.2 3.2 6.  1.8],[6.1 3.  4.9 1.8]
1002,[7.2 3.2 6.  1.8],[6.4 2.8 5.6 2.1]
1003,[7.2 3.2 6.  1.8],[7.2 3.  5.8 1.6]
1004,[7.2 3.2 6.  1.8],[7.4 2.8 6.1 1.9]
1005,[7.2 3.2 6.  1.8],[6.8 3.2 5.9 2.3]
1006,[7.2 3.2 6.  1.8],[6.9 3.1 5.4 2.1]
1007,[7.2 3.2 6.  1.8],[7.2 3.  5.8 1.6]
1008,[6.2 2.8 4.8 1.8],[6.1 3.  4.9 1.8]
1009,[6.2 2.8 4.8 1.8],[6.4 2.8 5.6 2.1]
1010,[6.2 2.8 4.8 1.8],[7.2 3.  5.8 1.6]
1011,[6.2 2.8 4.8 1.8],[7.4 2.8 6.1 1.9]
1012,[6.2 2.8 4.8 1.8],[6.1 3.  4.9 1.8]
1013,[6.2 2.8 4.8 1.8],[6.  3.  4.8 1.8]
1014,[6.2 2.8 4.8 1.8],[6.3 2.8 5.1 1.5]
1015,[6.2 2.8 4.8 1.8],[6.3 2.5 5.  1.9]
1016,[6.1 3.  4.9 1.8],[6.4 2.8 5.6 2.1]
1017,[6.1 3.  4.9 1.8],[7.2 3.  5.8 1.6]
1018,[6.1 3.  4.9 1.8],[7.4 2.8 6.1 1.9]
1019,[6.1 3.  4.9 1.8],[7.9 3.8 6.4 2. ]
1020,[6.1 3.  4.9 1.8],[5.8 2.7 5.1 1.9]
1021,[6.1 3.  4.9 1.8],[5.9 3.  5.1 1.8]
1022,[6.1 3.  4.9 1.8],[6.3 2.8 5.1 1.5]
1023,[6.1 3.  4.9 1.8],[6.  3.  4.8 1.8]
1024,[6.4 2.8 5.6 2.1],[7.2 3.  5.8 1.6]
1025,[6.4 2.8 5.6 2.1],[7.4 2.8 6.1 1.9]
1026,[6.4 2.8 5.6 2.1],[7.9 3.8 6.4 2. ]
1027,[6.4 2.8 5.6 2.1],[6.4 2.8 5.6 2.2]
1028,[6.4 2.8 5.6 2.1],[6.7 3.1 5.6 2.4]
1029,[6.4 2.8 5.6 2.1],[6.4 3.1 5.5 1.8]
1030,[6.4 2.8 5.6 2.1],[6.5 3.  5.2 2. ]
1031,[6.4 2.8 5.6 2.1],[6.4 2.8 5.6 2.2]
1032,[7.2 3.  5.8 1.6],[7.4 2.8 6.1 1.9]
1033,[7.2 3.  5.8 1.6],[7.9 3.8 6.4 2. ]
1034,[7.2 3.  5.8 1.6],[6.4 2.8 5.6 2.2]
1035,[7.2 3.  5.8 1.6],[6.3 2.8 5.1 1.5]
1036,[7.2 3.  5.8 1.6],[7.4 2.8 6.1 1.9]
1037,[7.2 3.  5.8 1.6],[6.8 3.2 5.9 2.3]
1038,[7.2 3.  5.8 1.6],[6.9 3.1 5.4 2.1]
1039,[7.2 3.  5.8 1.6],[6.4 3.1 5.5 1.8]
1040,[7.4 2.8 6.1 1.9],[7.9 3.8 6.4 2. ]
1041,[7.4 2.8 6.1 1.9],[6.4 2.8 5.6 2.2]
1042,[7.4 2.8 6.1 1.9],[6.3 2.8 5.1 1.5]
1043,[7.4 2.8 6.1 1.9],[6.1 2.6 5.6 1.4]
1044,[7.4 2.8 6.1 1.9],[6.7 3.1 5.6 2.4]
1045,[7.4 2.8 6.1 1.9],[6.8 3.2 5.9 2.3]
1046,[7.4 2.8 6.1 1.9],[7.7 3.  6.1 2.3]
1047,[7.4 2.8 6.1 1.9],[6.9 3.1 5.4 2.1]
1048,[7.9 3.8 6.4 2. ],[6.4 2.8 5.6 2.2]
1049,[7.9 3.8 6.4 2. ],[6.3 2.8 5.1 1.5]
1050,[7.9 3.8 6.4 2. ],[6.1 2.6 5.6 1.4]
1051,[7.9 3.8 6.4 2. ],[7.7 3.  6.1 2.3]
1052,[7.9 3.8 6.4 2. ],[6.9 3.1 5.4 2.1]
1053,[7.9 3.8 6.4 2. ],[6.7 3.3 5.7 2.5]
1054,[7.9 3.8 6.4 2. ],[6.8 3.2 5.9 2.3]
1055,[7.9 3.8 6.4 2. ],[7.7 3.  6.1 2.3]
1056,[6.4 2.8 5.6 2.2],[6.3 2.8 5.1 1.5]
1057,[6.4 2.8 5.6 2.2],[6.1 2.6 5.6 1.4]
1058,[6.4 2.8 5.6 2.2],[7.7 3.  6.1 2.3]
1059,[6.4 2.8 5.6 2.2],[6.3 3.4 5.6 2.4]
1060,[6.4 2.8 5.6 2.2],[6.7 3.1 5.6 2.4]
1061,[6.4 2.8 5.6 2.2],[6.5 3.  5.2 2. ]
1062,[6.4 2.8 5.6 2.2],[6.4 3.1 5.5 1.8]
1063,[6.4 2.8 5.6 2.2],[6.7 3.  5.2 2.3]
1064,[6.3 2.8 5.1 1.5],[6.1 2.6 5.6 1.4]
1065,[6.3 2.8 5.1 1.5],[7.7 3.  6.1 2.3]
1066,[6.3 2.8 5.1 1.5],[6.3 3.4 5.6 2.4]
1067,[6.3 2.8 5.1 1.5],[6.4 3.1 5.5 1.8]
1068,[6.3 2.8 5.1 1.5],[6.1 2.6 5.6 1.4]
1069,[6.3 2.8 5.1 1.5],[6.  3.  4.8 1.8]
1070,[6.3 2.8 5.1 1.5],[6.3 2.5 5.  1.9]
1071,[6.3 2.8 5.1 1.5],[5.9 3.  5.1 1.8]
1072,[6.1 2.6 5.6 1.4],[7.7 3.  6.1 2.3]
1073,[6.1 2.6 5.6 1.4],[6.3 3.4 5.6 2.4]
1074,[6.1 2.6 5.6 1.4],[6.4 3.1 5.5 1.8]
1075,[6.1 2.6 5.6 1.4],[6.  3.  4.8 1.8]
1076,[6.1 2.6 5.6 1.4],[6.3 2.5 5.  1.9]
1077,[6.1 2.6 5.6 1.4],[5.8 2.7 5.1 1.9]
1078,[6.1 2.6 5.6 1.4],[6.4 3.1 5.5 1.8]
1079,[6.1 2.6 5.6 1.4],[5.9 3.  5.1 1.8]
1080,[7.7 3.  6.1 2.3],[6.3 3.4 5.6 2.4]
1081,[7.7 3.  6.1 2.3],[6.4 3.1 5.5 1.8]
1082,[7.7 3.  6.1 2.3],[6.  3.  4.8 1.8]
1083,[7.7 3.  6.1 2.3],[6.9 3.1 5.4 2.1]
1084,[7.7 3.  6.1 2.3],[6.7 3.3 5.7 2.5]
1085,[7.7 3.  6.1 2.3],[6.8 3.2 5.9 2.3]
1086,[7.7 3.  6.1 2.3],[6.7 3.1 5.6 2.4]
1087,[7.7 3.  6.1 2.3],[6.9 3.1 5.4 2.1]
1088,[6.3 3.4 5.6 2.4],[6.4 3.1 5.5 1.8]
1089,[6.3 3.4 5.6 2.4],[6.  3.  4.8 1.8]
1090,[6.3 3.4 5.6 2.4],[6.9 3.1 5.4 2.1]
1091,[6.3 3.4 5.6 2.4],[6.7 3.1 5.6 2.4]
1092,[6.3 3.4 5.6 2.4],[6.2 3.4 5.4 2.3]
1093,[6.3 3.4 5.6 2.4],[6.8 3.2 5.9 2.3]
1094,[6.3 3.4 5.6 2.4],[6.7 3.3 5.7 2.5]
1095,[6.3 3.4 5.6 2.4],[6.7 3.1 5.6 2.4]
1096,[6.4 3.1 5.5 1.8],[6.  3.  4.8 1.8]
1097,[6.4 3.1 5.5 1.8],[6.9 3.1 5.4 2.1]
1098,[6.4 3.1 5.5 1.8],[6.7 3.1 5.6 2.4]
1099,[6.4 3.1 5.5 1.8],[6.9 3.1 5.1 2.3]
1100,[6.4 3.1 5.5 1.8],[6.5 3.  5.2 2. ]
1101,[6.4 3.1 5.5 1.8],[6.9 3.1 5.4 2.1]
1102,[6.4 3.1 5.5 1.8],[6.2 3.4 5.4 2.3]
1103,[6.4 3.1 5.5 1.8],[5.9 3.  5.1 1.8]
1104,[6.  3.  4.8 1.8],[6.9 3.1 5.4 2.1]
1105,[6.  3.  4.8 1.8],[6.7 3.1 5.6 2.4]
1106,[6.  3.  4.8 1.8],[6.9 3.1 5.1 2.3]
1107,[6.  3.  4.8 1.8],[5.8 2.7 5.1 1.9]
1108,[6.  3.  4.8 1.8],[6.3 2.5 5.  1.9]
1109,[6.  3.  4.8 1.8],[5.9 3.  5.1 1.8]
1110,[6.  3.  4.8 1.8],[6.5 3.  5.2 2. ]
1111,[6.  3.  4.8 1.8],[5.8 2.7 5.1 1.9]
1112,[6.9 3.1 5.4 2.1],[6.7 3.1 5.6 2.4]
1113,[6.9 3.1 5.4 2.1],[6.9 3.1 5.1 2.3]
1114,[6.9 3.1 5.4 2.1],[5.8 2.7 5.1 1.9]
1115,[6.9 3.1 5.4 2.1],[6.8 3.2 5.9 2.3]
1116,[6.9 3.1 5.4 2.1],[6.7 3.1 5.6 2.4]
1117,[6.9 3.1 5.4 2.1],[6.9 3.1 5.1 2.3]
1118,[6.9 3.1 5.4 2.1],[6.7 3.  5.2 2.3]
1119,[6.9 3.1 5.4 2.1],[6.5 3.  5.2 2. ]
1120,[6.7 3.1 5.6 2.4],[6.9 3.1 5.1 2.3]
1121,[6.7 3.1 5.6 2.4],[5.8 2.7 5.1 1.9]
1122,[6.7 3.1 5.6 2.4],[6.8 3.2 5.9 2.3]
1123,[6.7 3.1 5.6 2.4],[6.7 3.3 5.7 2.5]
1124,[6.7 3.1 5.6 2.4],[6.9 3.1 5.1 2.3]
1125,[6.7 3.1 5.6 2.4],[6.7 3.  5.2 2.3]
1126,[6.7 3.1 5.6 2.4],[6.8 3.2 5.9 2.3]
1127,[6.7 3.1 5.6 2.4],[6.7 3.3 5.7 2.5]
1128,[6.9 3.1 5.1 2.3],[5.8 2.7 5.1 1.9]
1129,[6.9 3.1 5.1 2.3],[6.8 3.2 5.9 2.3]
1130,[6.9 3.1 5.1 2.3],[6.7 3.3 5.7 2.5]
1131,[6.9 3.1 5.1 2.3],[6.7 3.  5.2 2.3]
1132,[6.9 3.1 5.1 2.3],[6.5 3.  5.2 2. ]
1133,[6.9 3.1 5.1 2.3],[6.8 3.2 5.9 2.3]
1134,[6.9 3.1 5.1 2.3],[6.7 3.3 5.7 2.5]
1135,[6.9 3.1 5.1 2.3],[6.7 3.  5.2 2.3]
1136,[5.8 2.7 5.1 1.9],[6.8 3.2 5.9 2.3]
1137,[5.8 2.7 5.1 1.9],[6.7 3.3 5.7 2.5]
1138,[5.8 2.7 5.1 1.9],[6.7 3.  5.2 2.3]
1139,[5.8 2.7 5.1 1.9],[6.3 2.5 5.  1.9]
1140,[5.8 2.7 5.1 1.9],[6.5 3.  5.2 2. ]
1141,[5.8 2.7 5.1 1.9],[6.2 3.4 5.4 2.3]
1142,[5.8 2.7 5.1 1.9],[5.9 3.  5.1 1.8]
1143,[5.8 2.7 5.1 1.9],[6.3 2.5 5.  1.9]
1144,[6.8 3.2 5.9 2.3],[6.7 3.3 5.7 2.5]
1145,[6.8 3.2 5.9 2.3],[6.7 3.  5.2 2.3]
1146,[6.8 3.2 5.9 2.3],[6.3 2.5 5.  1.9]
1147,[6.8 3.2 5.9 2.3],[6.5 3.  5.2 2. ]
1148,[6.8 3.2 5.9 2.3],[6.7 3.3 5.7 2.5]
1149,[6.8 3.2 5.9 2.3],[6.7 3.  5.2 2.3]
1150,[6.8 3.2 5.9 2.3],[6.2 3.4 5.4 2.3]
1151,[6.8 3.2 5.9 2.3],[6.5 3.  5.2 2. ]
1152,[6.7 3.3 5.7 2.5],[6.7 3.  5.2 2.3]
1153,[6.7 3.3 5.7 2.5],[6.3 2.5 5.  1.9]
1154,[6.7 3.3 5.7 2.5],[6.5 3.  5.2 2. ]
1155,[6.7 3.3 5.7 2.5],[6.2 3.4 5.4 2.3]
1156,[6.7 3.3 5.7 2.5],[6.7 3.  5.2 2.3]
1157,[6.7 3.3 5.7 2.5],[5.9 3.  5.1 1.8]
1158,[6.7 3.3 5.7 2.5],[6.5 3.  5.2 2. ]
1159,[6.7 3.3 5.7 2.5],[6.2 3.4 5.4 2.3]
1160,[6.7 3.  5.2 2.3],[6.3 2.5 5.  1.9]
1161,[6.7 3.  5.2 2.3],[6.5 3.  5.2 2. ]
1162,[6.7 3.  5.2 2.3],[6.2 3.4 5.4 2.3]
1163,[6.7 3.  5.2 2.3],[5.9 3.  5.1 1.8]
1164,[6.7 3.  5.2 2.3],[6.3 2.5 5.  1.9]
1165,[6.7 3.  5.2 2.3],[6.5 3.  5.2 2. ]
1166,[6.7 3.  5.2 2.3],[6.2 3.4 5.4 2.3]
1167,[6.7 3.  5.2 2.3],[5.9 3.  5.1 1.8]
1168,[6.3 2.5 5.  1.9],[6.5 3.  5.2 2. ]
1169,[6.3 2.5 5.  1.9],[6.2 3.4 5.4 2.3]
1170,[6.3 2.5 5.  1.9],[5.9 3.  5.1 1.8]
1171,[6.3 2.5 5.  1.9],[6.5 3.  5.2 2. ]
1172,[6.3 2.5 5.  1.9],[6.2 3.4 5.4 2.3]
1173,[6.3 2.5 5.  1.9],[5.9 3.  5.1 1.8]
1174,[6.5 3.  5.2 2. ],[6.2 3.4 5.4 2.3]
1175,[6.5 3.  5.2 2. ],[5.9 3.  5.1 1.8]
1176,[6.5 3.  5.2 2. ],[6.2 3.4 5.4 2.3]
1177,[6.5 3.  5.2 2. ],[5.9 3.  5.1 1.8]
1178,[6.2 3.4 5.4 2.3],[5.9 3.  5.1 1.8]
